stage,dataset,model,family,job_id,parent_job_id,run_phase,runtime_seed,gpu_id,status,valid_score,test_score,best_valid_mrr20,test_mrr20,result_path,log_path,elapsed_sec,error,timestamp_utc
stage3,beauty,difsr,baseline,ADD_STAGE3_BEAUTY_DIFSR_C2_SEED1,ADD_STAGE2_BEAUTY_DIFSR,ADD_STAGE3_BEAUTY_DIFSR_C2_SEED1,930004,resume,ok,0.005442389403002329,0.003711111111111111,0.005,0.0032,/workspace/FeaturedMoE/experiments/run/artifacts/results/final_experiment_addtuning/beauty_DIFSR_add_stage3_beauty_difsr_c2_seed1_20260419_081935_636704_pid1756151.json,/workspace/FeaturedMoE/experiments/run/artifacts/logs/final_experiment_addtuning/stage3/beauty/difsr/baseline/ADD_STAGE3_BEAUTY_DIFSR_C2_SEED1.log,0.0,,2026-04-19T10:37:46.161894Z
stage3,beauty,bsarec,baseline,ADD_STAGE3_BEAUTY_BSAREC_C1_SEED1,ADD_STAGE2_BEAUTY_BSAREC,ADD_STAGE3_BEAUTY_BSAREC_C1_SEED1,930001,resume,ok,0.003416411021773382,0.0008333333333333334,0.0016,0.0004,/workspace/FeaturedMoE/experiments/run/artifacts/results/final_experiment_addtuning/beauty_BSARec_add_stage3_beauty_bsarec_c1_seed1_20260419_081935_700659_pid1756147.json,/workspace/FeaturedMoE/experiments/run/artifacts/logs/final_experiment_addtuning/stage3/beauty/bsarec/baseline/ADD_STAGE3_BEAUTY_BSAREC_C1_SEED1.log,0.0,,2026-04-19T10:37:46.154428Z
stage3,beauty,difsr,baseline,ADD_STAGE3_BEAUTY_DIFSR_C1_SEED1,ADD_STAGE2_BEAUTY_DIFSR,ADD_STAGE3_BEAUTY_DIFSR_C1_SEED1,930003,resume,ok,0.020155555555555555,0.01678312670905588,0.0165,0.0119,/workspace/FeaturedMoE/experiments/run/artifacts/results/final_experiment_addtuning/beauty_DIFSR_add_stage3_beauty_difsr_c1_seed1_20260419_081935_677227_pid1756152.json,/workspace/FeaturedMoE/experiments/run/artifacts/logs/final_experiment_addtuning/stage3/beauty/difsr/baseline/ADD_STAGE3_BEAUTY_DIFSR_C1_SEED1.log,0.0,,2026-04-19T10:37:46.159473Z
stage3,beauty,fame,baseline,ADD_STAGE3_BEAUTY_FAME_C2_SEED1,ADD_STAGE2_BEAUTY_FAME,ADD_STAGE3_BEAUTY_FAME_C2_SEED1,930006,resume,ok,0.02565051727362612,0.023026119204832846,0.0197,0.0151,/workspace/FeaturedMoE/experiments/run/artifacts/results/final_experiment_addtuning/beauty_FAME_add_stage3_beauty_fame_c2_seed1_20260419_081935_714308_pid1756157.json,/workspace/FeaturedMoE/experiments/run/artifacts/logs/final_experiment_addtuning/stage3/beauty/fame/baseline/ADD_STAGE3_BEAUTY_FAME_C2_SEED1.log,0.0,,2026-04-19T10:37:46.166930Z
stage3,beauty,bsarec,baseline,ADD_STAGE3_BEAUTY_BSAREC_C2_SEED1,ADD_STAGE2_BEAUTY_BSAREC,ADD_STAGE3_BEAUTY_BSAREC_C2_SEED1,930002,resume,ok,0.020677777777777778,0.012377777777777777,0.0164,0.008,/workspace/FeaturedMoE/experiments/run/artifacts/results/final_experiment_addtuning/beauty_BSARec_add_stage3_beauty_bsarec_c2_seed1_20260419_081935_736825_pid1756149.json,/workspace/FeaturedMoE/experiments/run/artifacts/logs/final_experiment_addtuning/stage3/beauty/bsarec/baseline/ADD_STAGE3_BEAUTY_BSAREC_C2_SEED1.log,0.0,,2026-04-19T10:37:46.156983Z
stage3,beauty,fdsa,baseline,ADD_STAGE3_BEAUTY_FDSA_C1_SEED1,ADD_STAGE2_BEAUTY_FDSA,ADD_STAGE3_BEAUTY_FDSA_C1_SEED1,930009,resume,ok,0.11114444444444443,0.09617777777777778,0.0961,0.0776,/workspace/FeaturedMoE/experiments/run/artifacts/results/final_experiment_addtuning/beauty_FDSA_add_stage3_beauty_fdsa_c1_seed1_20260419_081952_389388_pid1756324.json,/workspace/FeaturedMoE/experiments/run/artifacts/logs/final_experiment_addtuning/stage3/beauty/fdsa/baseline/ADD_STAGE3_BEAUTY_FDSA_C1_SEED1.log,0.0,,2026-04-19T10:37:46.174773Z
stage3,beauty,fame,baseline,ADD_STAGE3_BEAUTY_FAME_C1_SEED1,ADD_STAGE2_BEAUTY_FAME,ADD_STAGE3_BEAUTY_FAME_C1_SEED1,930005,resume,ok,0.031155555555555554,0.01890086513089739,0.0193,0.0111,/workspace/FeaturedMoE/experiments/run/artifacts/results/final_experiment_addtuning/beauty_FAME_add_stage3_beauty_fame_c1_seed1_20260419_081935_636940_pid1756154.json,/workspace/FeaturedMoE/experiments/run/artifacts/logs/final_experiment_addtuning/stage3/beauty/fame/baseline/ADD_STAGE3_BEAUTY_FAME_C1_SEED1.log,0.0,,2026-04-19T10:37:46.164446Z
stage3,beauty,fearec,baseline,ADD_STAGE3_BEAUTY_FEAREC_C1_SEED1,ADD_STAGE2_BEAUTY_FEAREC,ADD_STAGE3_BEAUTY_FEAREC_C1_SEED1,930010,resume,ok,0.018666666666666668,0.01026692451474508,0.0135,0.0068,/workspace/FeaturedMoE/experiments/run/artifacts/results/final_experiment_addtuning/beauty_FEARec_add_stage3_beauty_fearec_c1_seed1_20260419_081956_843658_pid1756352.json,/workspace/FeaturedMoE/experiments/run/artifacts/logs/final_experiment_addtuning/stage3/beauty/fearec/baseline/ADD_STAGE3_BEAUTY_FEAREC_C1_SEED1.log,0.0,,2026-04-19T10:37:46.177195Z
stage3,beauty,fearec,baseline,ADD_STAGE3_BEAUTY_FEAREC_C2_SEED1,ADD_STAGE2_BEAUTY_FEAREC,ADD_STAGE3_BEAUTY_FEAREC_C2_SEED1,930011,resume,ok,0.014,0.006177777777777778,0.0089,0.0032,/workspace/FeaturedMoE/experiments/run/artifacts/results/final_experiment_addtuning/beauty_FEARec_add_stage3_beauty_fearec_c2_seed1_20260419_082000_380269_pid1756383.json,/workspace/FeaturedMoE/experiments/run/artifacts/logs/final_experiment_addtuning/stage3/beauty/fearec/baseline/ADD_STAGE3_BEAUTY_FEAREC_C2_SEED1.log,0.0,,2026-04-19T10:37:46.179709Z
stage3,foursquare,bsarec,baseline,ADD_STAGE3_FOURSQUARE_BSAREC_C2_SEED1,ADD_STAGE2_FOURSQUARE_BSAREC,ADD_STAGE3_FOURSQUARE_BSAREC_C2_SEED1,930013,resume,ok,0.21200000000000002,0.1831894709247818,0.172,0.1456,/workspace/FeaturedMoE/experiments/run/artifacts/results/final_experiment_addtuning/foursquare_BSARec_add_stage3_foursquare_bsarec_c2_seed1_20260419_082009_021672_pid1756444.json,/workspace/FeaturedMoE/experiments/run/artifacts/logs/final_experiment_addtuning/stage3/foursquare/bsarec/baseline/ADD_STAGE3_FOURSQUARE_BSAREC_C2_SEED1.log,0.0,,2026-04-19T10:37:46.184701Z
stage3,foursquare,bsarec,baseline,ADD_STAGE3_FOURSQUARE_BSAREC_C1_SEED1,ADD_STAGE2_FOURSQUARE_BSAREC,ADD_STAGE3_FOURSQUARE_BSAREC_C1_SEED1,930012,resume,ok,0.22709524887998178,0.18755098473545695,0.1845,0.1448,/workspace/FeaturedMoE/experiments/run/artifacts/results/final_experiment_addtuning/foursquare_BSARec_add_stage3_foursquare_bsarec_c1_seed1_20260419_082005_110747_pid1756422.json,/workspace/FeaturedMoE/experiments/run/artifacts/logs/final_experiment_addtuning/stage3/foursquare/bsarec/baseline/ADD_STAGE3_FOURSQUARE_BSAREC_C1_SEED1.log,0.0,,2026-04-19T10:37:46.182149Z
stage3,beauty,duorec,baseline,ADD_STAGE3_BEAUTY_DUOREC_C1_SEED1,ADD_STAGE2_BEAUTY_DUOREC,ADD_STAGE3_BEAUTY_DUOREC_C1_SEED1,930007,resume,ok,0.09625001160934109,0.08284444444444444,0.0616,0.0554,/workspace/FeaturedMoE/experiments/run/artifacts/results/final_experiment_addtuning/beauty_DuoRec_add_stage3_beauty_duorec_c1_seed1_20260419_081935_726673_pid1756156.json,/workspace/FeaturedMoE/experiments/run/artifacts/logs/final_experiment_addtuning/stage3/beauty/duorec/baseline/ADD_STAGE3_BEAUTY_DUOREC_C1_SEED1.log,0.0,,2026-04-19T10:37:46.169461Z
stage3,foursquare,difsr,baseline,ADD_STAGE3_FOURSQUARE_DIFSR_C1_SEED1,ADD_STAGE2_FOURSQUARE_DIFSR,ADD_STAGE3_FOURSQUARE_DIFSR_C1_SEED1,930014,resume,ok,0.22761460070629103,0.18752222222222223,0.1845,0.1467,/workspace/FeaturedMoE/experiments/run/artifacts/results/final_experiment_addtuning/foursquare_DIFSR_add_stage3_foursquare_difsr_c1_seed1_20260419_082009_192320_pid1756445.json,/workspace/FeaturedMoE/experiments/run/artifacts/logs/final_experiment_addtuning/stage3/foursquare/difsr/baseline/ADD_STAGE3_FOURSQUARE_DIFSR_C1_SEED1.log,0.0,,2026-04-19T10:37:46.187226Z
stage3,foursquare,difsr,baseline,ADD_STAGE3_FOURSQUARE_DIFSR_C2_SEED1,ADD_STAGE2_FOURSQUARE_DIFSR,ADD_STAGE3_FOURSQUARE_DIFSR_C2_SEED1,930015,resume,ok,0.22845555555555552,0.19044444444444444,0.1858,0.1506,/workspace/FeaturedMoE/experiments/run/artifacts/results/final_experiment_addtuning/foursquare_DIFSR_add_stage3_foursquare_difsr_c2_seed1_20260419_082016_554011_pid1756529.json,/workspace/FeaturedMoE/experiments/run/artifacts/logs/final_experiment_addtuning/stage3/foursquare/difsr/baseline/ADD_STAGE3_FOURSQUARE_DIFSR_C2_SEED1.log,0.0,,2026-04-19T10:37:46.189675Z
stage3,beauty,duorec,baseline,ADD_STAGE3_BEAUTY_DUOREC_C2_SEED1,ADD_STAGE2_BEAUTY_DUOREC,ADD_STAGE3_BEAUTY_DUOREC_C2_SEED1,930008,resume,ok,0.09675555555555555,0.08910765933434472,0.0629,0.0579,/workspace/FeaturedMoE/experiments/run/artifacts/results/final_experiment_addtuning/beauty_DuoRec_add_stage3_beauty_duorec_c2_seed1_20260419_081935_617887_pid1756155.json,/workspace/FeaturedMoE/experiments/run/artifacts/logs/final_experiment_addtuning/stage3/beauty/duorec/baseline/ADD_STAGE3_BEAUTY_DUOREC_C2_SEED1.log,0.0,,2026-04-19T10:37:46.172245Z
stage3,foursquare,fdsa,baseline,ADD_STAGE3_FOURSQUARE_FDSA_C1_SEED1,ADD_STAGE2_FOURSQUARE_FDSA,ADD_STAGE3_FOURSQUARE_FDSA_C1_SEED1,930019,resume,ok,0.25911111111111107,0.21538888888888888,0.2051,0.1667,/workspace/FeaturedMoE/experiments/run/artifacts/results/final_experiment_addtuning/foursquare_FDSA_add_stage3_foursquare_fdsa_c1_seed1_20260419_082147_629641_pid1756800.json,/workspace/FeaturedMoE/experiments/run/artifacts/logs/final_experiment_addtuning/stage3/foursquare/fdsa/baseline/ADD_STAGE3_FOURSQUARE_FDSA_C1_SEED1.log,0.0,,2026-04-19T10:37:46.199864Z
stage3,foursquare,fame,baseline,ADD_STAGE3_FOURSQUARE_FAME_C1_SEED1,ADD_STAGE2_FOURSQUARE_FAME,ADD_STAGE3_FOURSQUARE_FAME_C1_SEED1,930016,resume,ok,0.20458154711102258,0.16611111111111113,0.1674,0.1315,/workspace/FeaturedMoE/experiments/run/artifacts/results/final_experiment_addtuning/foursquare_FAME_add_stage3_foursquare_fame_c1_seed1_20260419_082034_378515_pid1756585.json,/workspace/FeaturedMoE/experiments/run/artifacts/logs/final_experiment_addtuning/stage3/foursquare/fame/baseline/ADD_STAGE3_FOURSQUARE_FAME_C1_SEED1.log,0.0,,2026-04-19T10:37:46.192155Z
stage3,foursquare,fdsa,baseline,ADD_STAGE3_FOURSQUARE_FDSA_C2_SEED1,ADD_STAGE2_FOURSQUARE_FDSA,ADD_STAGE3_FOURSQUARE_FDSA_C2_SEED1,930020,resume,ok,0.2592666666666667,0.214756855723607,0.208,0.1662,/workspace/FeaturedMoE/experiments/run/artifacts/results/final_experiment_addtuning/foursquare_FDSA_add_stage3_foursquare_fdsa_c2_seed1_20260419_082149_287134_pid1756808.json,/workspace/FeaturedMoE/experiments/run/artifacts/logs/final_experiment_addtuning/stage3/foursquare/fdsa/baseline/ADD_STAGE3_FOURSQUARE_FDSA_C2_SEED1.log,0.0,,2026-04-19T10:37:46.202417Z
stage3,KuaiRecLargeStrictPosV2_0.2,bsarec,baseline,ADD_STAGE3_KUAIRECLARGESTRICTPOSV2_0_2_BSAREC_C2_SEED1,ADD_STAGE2_KUAIRECLARGESTRICTPOSV2_0_2_BSAREC,ADD_STAGE3_KUAIRECLARGESTRICTPOSV2_0_2_BSAREC_C2_SEED1,930025,0,ok,0.016766666666666666,0.33447777777777776,0.014,0.3324,/workspace/FeaturedMoE/experiments/run/artifacts/results/final_experiment_addtuning/KuaiRecLargeStrictPosV2_0.2_BSARec_add_stage3_kuaireclargestrictposv2_0_2_bsarec_c2_seed1_20260419_082251_078451_pid1757048.json,/workspace/FeaturedMoE/experiments/run/artifacts/logs/final_experiment_addtuning/stage3/kuaireclargestrictposv2_0_2/bsarec/baseline/ADD_STAGE3_KUAIRECLARGESTRICTPOSV2_0_2_BSAREC_C2_SEED1.log,30.618308305740356,,2026-04-19T08:23:18.227408Z
stage3,foursquare,fearec,baseline,ADD_STAGE3_FOURSQUARE_FEAREC_C2_SEED1,ADD_STAGE2_FOURSQUARE_FEAREC,ADD_STAGE3_FOURSQUARE_FEAREC_C2_SEED1,930022,resume,ok,0.24275555555555556,0.20921111111111113,0.1819,0.1557,/workspace/FeaturedMoE/experiments/run/artifacts/results/final_experiment_addtuning/foursquare_FEARec_add_stage3_foursquare_fearec_c2_seed1_20260419_082227_094976_pid1756967.json,/workspace/FeaturedMoE/experiments/run/artifacts/logs/final_experiment_addtuning/stage3/foursquare/fearec/baseline/ADD_STAGE3_FOURSQUARE_FEAREC_C2_SEED1.log,0.0,,2026-04-19T10:37:46.207505Z
stage3,KuaiRecLargeStrictPosV2_0.2,difsr,baseline,ADD_STAGE3_KUAIRECLARGESTRICTPOSV2_0_2_DIFSR_C1_SEED1,ADD_STAGE2_KUAIRECLARGESTRICTPOSV2_0_2_DIFSR,ADD_STAGE3_KUAIRECLARGESTRICTPOSV2_0_2_DIFSR_C1_SEED1,930024,resume,ok,0.01481653159818902,0.3074555555555556,0.0131,0.3024,/workspace/FeaturedMoE/experiments/run/artifacts/results/final_experiment_addtuning/KuaiRecLargeStrictPosV2_0.2_DIFSR_add_stage3_kuaireclargestrictposv2_0_2_difsr_c1_seed1_20260419_082252_869897_pid1757065.json,/workspace/FeaturedMoE/experiments/run/artifacts/logs/final_experiment_addtuning/stage3/kuaireclargestrictposv2_0_2/difsr/baseline/ADD_STAGE3_KUAIRECLARGESTRICTPOSV2_0_2_DIFSR_C1_SEED1.log,0.0,,2026-04-19T10:37:46.212534Z
stage3,KuaiRecLargeStrictPosV2_0.2,difsr,baseline,ADD_STAGE3_KUAIRECLARGESTRICTPOSV2_0_2_DIFSR_C2_SEED1,ADD_STAGE2_KUAIRECLARGESTRICTPOSV2_0_2_DIFSR,ADD_STAGE3_KUAIRECLARGESTRICTPOSV2_0_2_DIFSR_C2_SEED1,930025,resume,ok,0.016744444444444444,0.2832936261396652,0.0143,0.2791,/workspace/FeaturedMoE/experiments/run/artifacts/results/final_experiment_addtuning/KuaiRecLargeStrictPosV2_0.2_DIFSR_add_stage3_kuaireclargestrictposv2_0_2_difsr_c2_seed1_20260419_082321_575306_pid1757174.json,/workspace/FeaturedMoE/experiments/run/artifacts/logs/final_experiment_addtuning/stage3/kuaireclargestrictposv2_0_2/difsr/baseline/ADD_STAGE3_KUAIRECLARGESTRICTPOSV2_0_2_DIFSR_C2_SEED1.log,0.0,,2026-04-19T10:37:46.215061Z
stage3,KuaiRecLargeStrictPosV2_0.2,bsarec,baseline,ADD_STAGE3_KUAIRECLARGESTRICTPOSV2_0_2_BSAREC_C1_SEED1,ADD_STAGE2_KUAIRECLARGESTRICTPOSV2_0_2_BSAREC,ADD_STAGE3_KUAIRECLARGESTRICTPOSV2_0_2_BSAREC_C1_SEED1,930023,resume,ok,0.02022222222222222,0.329457328844752,0.0153,0.3192,/workspace/FeaturedMoE/experiments/run/artifacts/results/final_experiment_addtuning/KuaiRecLargeStrictPosV2_0.2_BSARec_add_stage3_kuaireclargestrictposv2_0_2_bsarec_c1_seed1_20260419_082234_903693_pid1757014.json,/workspace/FeaturedMoE/experiments/run/artifacts/logs/final_experiment_addtuning/stage3/kuaireclargestrictposv2_0_2/bsarec/baseline/ADD_STAGE3_KUAIRECLARGESTRICTPOSV2_0_2_BSAREC_C1_SEED1.log,0.0,,2026-04-19T10:37:46.209998Z
stage3,KuaiRecLargeStrictPosV2_0.2,fame,baseline,ADD_STAGE3_KUAIRECLARGESTRICTPOSV2_0_2_FAME_C1_SEED1,ADD_STAGE2_KUAIRECLARGESTRICTPOSV2_0_2_FAME,ADD_STAGE3_KUAIRECLARGESTRICTPOSV2_0_2_FAME_C1_SEED1,930026,resume,ok,0.013588888888888888,0.33309426717807794,0.0122,0.332,/workspace/FeaturedMoE/experiments/run/artifacts/results/final_experiment_addtuning/KuaiRecLargeStrictPosV2_0.2_FAME_add_stage3_kuaireclargestrictposv2_0_2_fame_c1_seed1_20260419_082344_125377_pid1757222.json,/workspace/FeaturedMoE/experiments/run/artifacts/logs/final_experiment_addtuning/stage3/kuaireclargestrictposv2_0_2/fame/baseline/ADD_STAGE3_KUAIRECLARGESTRICTPOSV2_0_2_FAME_C1_SEED1.log,0.0,,2026-04-19T10:37:46.217584Z
stage3,foursquare,fame,baseline,ADD_STAGE3_FOURSQUARE_FAME_C2_SEED1,ADD_STAGE2_FOURSQUARE_FAME,ADD_STAGE3_FOURSQUARE_FAME_C2_SEED1,930017,resume,ok,0.20076666666666665,0.1632082961595313,0.1631,0.1294,/workspace/FeaturedMoE/experiments/run/artifacts/results/final_experiment_addtuning/foursquare_FAME_add_stage3_foursquare_fame_c2_seed1_20260419_082115_117635_pid1756679.json,/workspace/FeaturedMoE/experiments/run/artifacts/logs/final_experiment_addtuning/stage3/foursquare/fame/baseline/ADD_STAGE3_FOURSQUARE_FAME_C2_SEED1.log,0.0,,2026-04-19T10:37:46.194648Z
stage3,KuaiRecLargeStrictPosV2_0.2,fdsa,baseline,ADD_STAGE3_KUAIRECLARGESTRICTPOSV2_0_2_FDSA_C1_SEED1,ADD_STAGE2_KUAIRECLARGESTRICTPOSV2_0_2_FDSA,ADD_STAGE3_KUAIRECLARGESTRICTPOSV2_0_2_FDSA_C1_SEED1,930028,resume,ok,0.024644444444444445,0.3218129420896564,0.0182,0.3064,/workspace/FeaturedMoE/experiments/run/artifacts/results/final_experiment_addtuning/KuaiRecLargeStrictPosV2_0.2_FDSA_add_stage3_kuaireclargestrictposv2_0_2_fdsa_c1_seed1_20260419_082411_583142_pid1757337.json,/workspace/FeaturedMoE/experiments/run/artifacts/logs/final_experiment_addtuning/stage3/kuaireclargestrictposv2_0_2/fdsa/baseline/ADD_STAGE3_KUAIRECLARGESTRICTPOSV2_0_2_FDSA_C1_SEED1.log,0.0,,2026-04-19T10:37:46.222688Z
stage3,KuaiRecLargeStrictPosV2_0.2,fdsa,baseline,ADD_STAGE3_KUAIRECLARGESTRICTPOSV2_0_2_FDSA_C2_SEED1,ADD_STAGE2_KUAIRECLARGESTRICTPOSV2_0_2_FDSA,ADD_STAGE3_KUAIRECLARGESTRICTPOSV2_0_2_FDSA_C2_SEED1,930029,resume,ok,0.02238888888888889,0.31332833261128396,0.0166,0.2968,/workspace/FeaturedMoE/experiments/run/artifacts/results/final_experiment_addtuning/KuaiRecLargeStrictPosV2_0.2_FDSA_add_stage3_kuaireclargestrictposv2_0_2_fdsa_c2_seed1_20260419_082424_157489_pid1757430.json,/workspace/FeaturedMoE/experiments/run/artifacts/logs/final_experiment_addtuning/stage3/kuaireclargestrictposv2_0_2/fdsa/baseline/ADD_STAGE3_KUAIRECLARGESTRICTPOSV2_0_2_FDSA_C2_SEED1.log,0.0,,2026-04-19T10:37:46.225245Z
stage3,foursquare,fearec,baseline,ADD_STAGE3_FOURSQUARE_FEAREC_C1_SEED1,ADD_STAGE2_FOURSQUARE_FEAREC,ADD_STAGE3_FOURSQUARE_FEAREC_C1_SEED1,930021,resume,ok,0.24875555555555554,0.2126222222222222,0.1886,0.1593,/workspace/FeaturedMoE/experiments/run/artifacts/results/final_experiment_addtuning/foursquare_FEARec_add_stage3_foursquare_fearec_c1_seed1_20260419_082200_437044_pid1756859.json,/workspace/FeaturedMoE/experiments/run/artifacts/logs/final_experiment_addtuning/stage3/foursquare/fearec/baseline/ADD_STAGE3_FOURSQUARE_FEAREC_C1_SEED1.log,0.0,,2026-04-19T10:37:46.204957Z
stage3,KuaiRecLargeStrictPosV2_0.2,fame,baseline,ADD_STAGE3_KUAIRECLARGESTRICTPOSV2_0_2_FAME_C2_SEED1,ADD_STAGE2_KUAIRECLARGESTRICTPOSV2_0_2_FAME,ADD_STAGE3_KUAIRECLARGESTRICTPOSV2_0_2_FAME_C2_SEED1,930029,3,ok,0.02146666666666667,0.30488962117808294,0.0157,0.2906,/workspace/FeaturedMoE/experiments/run/artifacts/results/final_experiment_addtuning/KuaiRecLargeStrictPosV2_0.2_FAME_add_stage3_kuaireclargestrictposv2_0_2_fame_c2_seed1_20260419_082348_553977_pid1757249.json,/workspace/FeaturedMoE/experiments/run/artifacts/logs/final_experiment_addtuning/stage3/kuaireclargestrictposv2_0_2/fame/baseline/ADD_STAGE3_KUAIRECLARGESTRICTPOSV2_0_2_FAME_C2_SEED1.log,181.10004019737244,,2026-04-19T08:26:46.155822Z
stage3,KuaiRecLargeStrictPosV2_0.2,fearec,baseline,ADD_STAGE3_KUAIRECLARGESTRICTPOSV2_0_2_FEAREC_C1_SEED1,ADD_STAGE2_KUAIRECLARGESTRICTPOSV2_0_2_FEAREC,ADD_STAGE3_KUAIRECLARGESTRICTPOSV2_0_2_FEAREC_C1_SEED1,930030,resume,ok,0.025644444444444445,0.3327777777777778,0.0191,0.3224,/workspace/FeaturedMoE/experiments/run/artifacts/results/final_experiment_addtuning/KuaiRecLargeStrictPosV2_0.2_FEARec_add_stage3_kuaireclargestrictposv2_0_2_fearec_c1_seed1_20260419_082506_161529_pid1757478.json,/workspace/FeaturedMoE/experiments/run/artifacts/logs/final_experiment_addtuning/stage3/kuaireclargestrictposv2_0_2/fearec/baseline/ADD_STAGE3_KUAIRECLARGESTRICTPOSV2_0_2_FEAREC_C1_SEED1.log,0.0,,2026-04-19T10:37:46.227814Z
stage3,foursquare,duorec,baseline,ADD_STAGE3_FOURSQUARE_DUOREC_C2_SEED1,ADD_STAGE2_FOURSQUARE_DUOREC,ADD_STAGE3_FOURSQUARE_DUOREC_C2_SEED1,930019,5,ok,0.2503222222222222,0.21681111111111112,0.1861,0.1573,/workspace/FeaturedMoE/experiments/run/artifacts/results/final_experiment_addtuning/foursquare_DuoRec_add_stage3_foursquare_duorec_c2_seed1_20260419_082145_266405_pid1756775.json,/workspace/FeaturedMoE/experiments/run/artifacts/logs/final_experiment_addtuning/stage3/foursquare/duorec/baseline/ADD_STAGE3_FOURSQUARE_DUOREC_C2_SEED1.log,334.19615936279297,,2026-04-19T08:27:15.962121Z
stage3,lastfm0.03,bsarec,baseline,ADD_STAGE3_LASTFM0_03_BSAREC_C1_SEED1,ADD_STAGE2_LASTFM0_03_BSAREC,ADD_STAGE3_LASTFM0_03_BSAREC_C1_SEED1,930031,resume,ok,0.3131777777777778,0.30822254609405864,0.2937,0.2879,/workspace/FeaturedMoE/experiments/run/artifacts/results/final_experiment_addtuning/lastfm0.03_BSARec_add_stage3_lastfm0_03_bsarec_c1_seed1_20260419_082516_925002_pid1757556.json,/workspace/FeaturedMoE/experiments/run/artifacts/logs/final_experiment_addtuning/stage3/lastfm0_03/bsarec/baseline/ADD_STAGE3_LASTFM0_03_BSAREC_C1_SEED1.log,0.0,,2026-04-19T10:37:46.230372Z
stage3,KuaiRecLargeStrictPosV2_0.2,duorec,baseline,ADD_STAGE3_KUAIRECLARGESTRICTPOSV2_0_2_DUOREC_C1_SEED1,ADD_STAGE2_KUAIRECLARGESTRICTPOSV2_0_2_DUOREC,ADD_STAGE3_KUAIRECLARGESTRICTPOSV2_0_2_DUOREC_C1_SEED1,930027,resume,ok,0.02405707564603795,0.3281490106881406,0.0178,0.3155,/workspace/FeaturedMoE/experiments/run/artifacts/results/final_experiment_addtuning/KuaiRecLargeStrictPosV2_0.2_DuoRec_add_stage3_kuaireclargestrictposv2_0_2_duorec_c1_seed1_20260419_082400_773651_pid1757289.json,/workspace/FeaturedMoE/experiments/run/artifacts/logs/final_experiment_addtuning/stage3/kuaireclargestrictposv2_0_2/duorec/baseline/ADD_STAGE3_KUAIRECLARGESTRICTPOSV2_0_2_DUOREC_C1_SEED1.log,0.0,,2026-04-19T10:37:46.220115Z
stage3,lastfm0.03,difsr,baseline,ADD_STAGE3_LASTFM0_03_DIFSR_C1_SEED1,ADD_STAGE2_LASTFM0_03_DIFSR,ADD_STAGE3_LASTFM0_03_DIFSR_C1_SEED1,930033,resume,ok,0.3291652148195814,0.3269888888888889,0.3095,0.3039,/workspace/FeaturedMoE/experiments/run/artifacts/results/final_experiment_addtuning/lastfm0.03_DIFSR_add_stage3_lastfm0_03_difsr_c1_seed1_20260419_082535_082134_pid1757649.json,/workspace/FeaturedMoE/experiments/run/artifacts/logs/final_experiment_addtuning/stage3/lastfm0_03/difsr/baseline/ADD_STAGE3_LASTFM0_03_DIFSR_C1_SEED1.log,0.0,,2026-04-19T10:37:46.235766Z
stage3,foursquare,duorec,baseline,ADD_STAGE3_FOURSQUARE_DUOREC_C1_SEED1,ADD_STAGE2_FOURSQUARE_DUOREC,ADD_STAGE3_FOURSQUARE_DUOREC_C1_SEED1,930018,resume,ok,0.25597241125449915,0.221635600818315,0.1985,0.168,/workspace/FeaturedMoE/experiments/run/artifacts/results/final_experiment_addtuning/foursquare_DuoRec_add_stage3_foursquare_duorec_c1_seed1_20260419_082133_650104_pid1756727.json,/workspace/FeaturedMoE/experiments/run/artifacts/logs/final_experiment_addtuning/stage3/foursquare/duorec/baseline/ADD_STAGE3_FOURSQUARE_DUOREC_C1_SEED1.log,0.0,,2026-04-19T10:37:46.197170Z
stage3,lastfm0.03,fdsa,baseline,ADD_STAGE3_LASTFM0_03_FDSA_C1_SEED1,ADD_STAGE2_LASTFM0_03_FDSA,ADD_STAGE3_LASTFM0_03_FDSA_C1_SEED1,930037,resume,ok,0.3359032947765593,0.3375111111111111,0.3127,0.312,/workspace/FeaturedMoE/experiments/run/artifacts/results/final_experiment_addtuning/lastfm0.03_FDSA_add_stage3_lastfm0_03_fdsa_c1_seed1_20260419_082847_968822_pid1758083.json,/workspace/FeaturedMoE/experiments/run/artifacts/logs/final_experiment_addtuning/stage3/lastfm0_03/fdsa/baseline/ADD_STAGE3_LASTFM0_03_FDSA_C1_SEED1.log,0.0,,2026-04-19T10:37:46.245988Z
stage3,lastfm0.03,bsarec,baseline,ADD_STAGE3_LASTFM0_03_BSAREC_C2_SEED1,ADD_STAGE2_LASTFM0_03_BSAREC,ADD_STAGE3_LASTFM0_03_BSAREC_C2_SEED1,930032,resume,ok,0.3086555555555555,0.3006688351651617,0.2908,0.2815,/workspace/FeaturedMoE/experiments/run/artifacts/results/final_experiment_addtuning/lastfm0.03_BSARec_add_stage3_lastfm0_03_bsarec_c2_seed1_20260419_082518_797581_pid1757588.json,/workspace/FeaturedMoE/experiments/run/artifacts/logs/final_experiment_addtuning/stage3/lastfm0_03/bsarec/baseline/ADD_STAGE3_LASTFM0_03_BSAREC_C2_SEED1.log,0.0,,2026-04-19T10:37:46.232916Z
stage3,lastfm0.03,fame,baseline,ADD_STAGE3_LASTFM0_03_FAME_C1_SEED1,ADD_STAGE2_LASTFM0_03_FAME,ADD_STAGE3_LASTFM0_03_FAME_C1_SEED1,930034,resume,ok,0.3145677114844996,0.2987666666666666,0.2931,0.2789,/workspace/FeaturedMoE/experiments/run/artifacts/results/final_experiment_addtuning/lastfm0.03_FAME_add_stage3_lastfm0_03_fame_c1_seed1_20260419_082649_654228_pid1757831.json,/workspace/FeaturedMoE/experiments/run/artifacts/logs/final_experiment_addtuning/stage3/lastfm0_03/fame/baseline/ADD_STAGE3_LASTFM0_03_FAME_C1_SEED1.log,0.0,,2026-04-19T10:37:46.238279Z
stage3,movielens1m,bsarec,baseline,ADD_STAGE3_MOVIELENS1M_BSAREC_C1_SEED1,ADD_STAGE2_MOVIELENS1M_BSAREC,ADD_STAGE3_MOVIELENS1M_BSAREC_C1_SEED1,930039,resume,ok,0.13702327927571656,0.09814348372060287,0.0934,0.0639,/workspace/FeaturedMoE/experiments/run/artifacts/results/final_experiment_addtuning/movielens1m_BSARec_add_stage3_movielens1m_bsarec_c1_seed1_20260419_083052_138176_pid1758253.json,/workspace/FeaturedMoE/experiments/run/artifacts/logs/final_experiment_addtuning/stage3/movielens1m/bsarec/baseline/ADD_STAGE3_MOVIELENS1M_BSAREC_C1_SEED1.log,0.0,,2026-04-19T10:37:46.251006Z
stage3,lastfm0.03,fame,baseline,ADD_STAGE3_LASTFM0_03_FAME_C2_SEED1,ADD_STAGE2_LASTFM0_03_FAME,ADD_STAGE3_LASTFM0_03_FAME_C2_SEED1,930035,resume,ok,0.30720000000000003,0.30109564775271425,0.2894,0.2784,/workspace/FeaturedMoE/experiments/run/artifacts/results/final_experiment_addtuning/lastfm0.03_FAME_add_stage3_lastfm0_03_fame_c2_seed1_20260419_082653_017906_pid1757856.json,/workspace/FeaturedMoE/experiments/run/artifacts/logs/final_experiment_addtuning/stage3/lastfm0_03/fame/baseline/ADD_STAGE3_LASTFM0_03_FAME_C2_SEED1.log,0.0,,2026-04-19T10:37:46.240816Z
stage3,movielens1m,difsr,baseline,ADD_STAGE3_MOVIELENS1M_DIFSR_C1_SEED1,ADD_STAGE2_MOVIELENS1M_DIFSR,ADD_STAGE3_MOVIELENS1M_DIFSR_C1_SEED1,930041,resume,ok,0.1436222222222222,0.09752222222222223,0.0952,0.0651,/workspace/FeaturedMoE/experiments/run/artifacts/results/final_experiment_addtuning/movielens1m_DIFSR_add_stage3_movielens1m_difsr_c1_seed1_20260419_083348_069935_pid1758547.json,/workspace/FeaturedMoE/experiments/run/artifacts/logs/final_experiment_addtuning/stage3/movielens1m/difsr/baseline/ADD_STAGE3_MOVIELENS1M_DIFSR_C1_SEED1.log,0.0,,2026-04-19T10:37:46.256218Z
stage3,movielens1m,bsarec,baseline,ADD_STAGE3_MOVIELENS1M_BSAREC_C2_SEED1,ADD_STAGE2_MOVIELENS1M_BSAREC,ADD_STAGE3_MOVIELENS1M_BSAREC_C2_SEED1,930040,resume,ok,0.13738073353630365,0.0993888888888889,0.0936,0.0651,/workspace/FeaturedMoE/experiments/run/artifacts/results/final_experiment_addtuning/movielens1m_BSARec_add_stage3_movielens1m_bsarec_c2_seed1_20260419_083150_952870_pid1758378.json,/workspace/FeaturedMoE/experiments/run/artifacts/logs/final_experiment_addtuning/stage3/movielens1m/bsarec/baseline/ADD_STAGE3_MOVIELENS1M_BSAREC_C2_SEED1.log,0.0,,2026-04-19T10:37:46.253547Z
stage3,movielens1m,fame,baseline,ADD_STAGE3_MOVIELENS1M_FAME_C1_SEED1,ADD_STAGE2_MOVIELENS1M_FAME,ADD_STAGE3_MOVIELENS1M_FAME_C1_SEED1,930043,resume,ok,0.14213333333333333,0.10616666666666667,0.0951,0.0678,/workspace/FeaturedMoE/experiments/run/artifacts/results/final_experiment_addtuning/movielens1m_FAME_add_stage3_movielens1m_fame_c1_seed1_20260419_083554_656368_pid1758764.json,/workspace/FeaturedMoE/experiments/run/artifacts/logs/final_experiment_addtuning/stage3/movielens1m/fame/baseline/ADD_STAGE3_MOVIELENS1M_FAME_C1_SEED1.log,0.0,,2026-04-19T10:37:46.261294Z
stage3,movielens1m,difsr,baseline,ADD_STAGE3_MOVIELENS1M_DIFSR_C2_SEED1,ADD_STAGE2_MOVIELENS1M_DIFSR,ADD_STAGE3_MOVIELENS1M_DIFSR_C2_SEED1,930042,resume,ok,0.1416,0.10038229863639062,0.0941,0.0643,/workspace/FeaturedMoE/experiments/run/artifacts/results/final_experiment_addtuning/movielens1m_DIFSR_add_stage3_movielens1m_difsr_c2_seed1_20260419_083507_522661_pid1758655.json,/workspace/FeaturedMoE/experiments/run/artifacts/logs/final_experiment_addtuning/stage3/movielens1m/difsr/baseline/ADD_STAGE3_MOVIELENS1M_DIFSR_C2_SEED1.log,0.0,,2026-04-19T10:37:46.258752Z
stage3,movielens1m,fame,baseline,ADD_STAGE3_MOVIELENS1M_FAME_C2_SEED1,ADD_STAGE2_MOVIELENS1M_FAME,ADD_STAGE3_MOVIELENS1M_FAME_C2_SEED1,930044,resume,ok,0.14002485636085715,0.10333333333333333,0.0953,0.0674,/workspace/FeaturedMoE/experiments/run/artifacts/results/final_experiment_addtuning/movielens1m_FAME_add_stage3_movielens1m_fame_c2_seed1_20260419_083714_817777_pid1758903.json,/workspace/FeaturedMoE/experiments/run/artifacts/logs/final_experiment_addtuning/stage3/movielens1m/fame/baseline/ADD_STAGE3_MOVIELENS1M_FAME_C2_SEED1.log,0.0,,2026-04-19T10:37:46.263833Z
stage3,lastfm0.03,fearec,baseline,ADD_STAGE3_LASTFM0_03_FEAREC_C1_SEED1,ADD_STAGE2_LASTFM0_03_FEAREC,ADD_STAGE3_LASTFM0_03_FEAREC_C1_SEED1,930038,resume,ok,0.3355666666666666,0.33540000000000003,0.3038,0.3018,/workspace/FeaturedMoE/experiments/run/artifacts/results/final_experiment_addtuning/lastfm0.03_FEARec_add_stage3_lastfm0_03_fearec_c1_seed1_20260419_083051_639559_pid1758252.json,/workspace/FeaturedMoE/experiments/run/artifacts/logs/final_experiment_addtuning/stage3/lastfm0_03/fearec/baseline/ADD_STAGE3_LASTFM0_03_FEAREC_C1_SEED1.log,0.0,,2026-04-19T10:37:46.248542Z
stage3,movielens1m,fdsa,baseline,ADD_STAGE3_MOVIELENS1M_FDSA_C1_SEED1,ADD_STAGE2_MOVIELENS1M_FDSA,ADD_STAGE3_MOVIELENS1M_FDSA_C1_SEED1,930047,resume,ok,0.14853659353356788,0.10004445881871696,0.1003,0.064,/workspace/FeaturedMoE/experiments/run/artifacts/results/final_experiment_addtuning/movielens1m_FDSA_add_stage3_movielens1m_fdsa_c1_seed1_20260419_083913_715258_pid1759196.json,/workspace/FeaturedMoE/experiments/run/artifacts/logs/final_experiment_addtuning/stage3/movielens1m/fdsa/baseline/ADD_STAGE3_MOVIELENS1M_FDSA_C1_SEED1.log,0.0,,2026-04-19T10:37:46.271538Z
stage3,movielens1m,fdsa,baseline,ADD_STAGE3_MOVIELENS1M_FDSA_C2_SEED1,ADD_STAGE2_MOVIELENS1M_FDSA,ADD_STAGE3_MOVIELENS1M_FDSA_C2_SEED1,930048,resume,ok,0.14386666666666667,0.10262222222222223,0.0961,0.0663,/workspace/FeaturedMoE/experiments/run/artifacts/results/final_experiment_addtuning/movielens1m_FDSA_add_stage3_movielens1m_fdsa_c2_seed1_20260419_084005_087722_pid1759318.json,/workspace/FeaturedMoE/experiments/run/artifacts/logs/final_experiment_addtuning/stage3/movielens1m/fdsa/baseline/ADD_STAGE3_MOVIELENS1M_FDSA_C2_SEED1.log,0.0,,2026-04-19T10:37:46.274023Z
stage3,lastfm0.03,duorec,baseline,ADD_STAGE3_LASTFM0_03_DUOREC_C1_SEED1,ADD_STAGE2_LASTFM0_03_DUOREC,ADD_STAGE3_LASTFM0_03_DUOREC_C1_SEED1,930036,resume,ok,0.33367777777777774,0.3332555555555555,0.3008,0.2989,/workspace/FeaturedMoE/experiments/run/artifacts/results/final_experiment_addtuning/lastfm0.03_DuoRec_add_stage3_lastfm0_03_duorec_c1_seed1_20260419_082719_541920_pid1757957.json,/workspace/FeaturedMoE/experiments/run/artifacts/logs/final_experiment_addtuning/stage3/lastfm0_03/duorec/baseline/ADD_STAGE3_LASTFM0_03_DUOREC_C1_SEED1.log,0.0,,2026-04-19T10:37:46.243409Z
stage3,lastfm0.03,duorec,baseline,ADD_STAGE3_LASTFM0_03_DUOREC_C2_SEED1,ADD_STAGE2_LASTFM0_03_DUOREC,ADD_STAGE3_LASTFM0_03_DUOREC_C2_SEED1,930040,6,ok,0.3255444444444444,0.3214444444444444,0.2988,0.2886,/workspace/FeaturedMoE/experiments/run/artifacts/results/final_experiment_addtuning/lastfm0.03_DuoRec_add_stage3_lastfm0_03_duorec_c2_seed1_20260419_082723_297557_pid1757983.json,/workspace/FeaturedMoE/experiments/run/artifacts/logs/final_experiment_addtuning/stage3/lastfm0_03/duorec/baseline/ADD_STAGE3_LASTFM0_03_DUOREC_C2_SEED1.log,1045.0173666477203,,2026-04-19T08:44:45.021774Z
stage3,retail_rocket,bsarec,baseline,ADD_STAGE3_RETAIL_ROCKET_BSAREC_C1_SEED1,ADD_STAGE2_RETAIL_ROCKET_BSAREC,ADD_STAGE3_RETAIL_ROCKET_BSAREC_C1_SEED1,930051,resume,ok,0.4244674648993546,0.4212888888888889,0.3697,0.3699,/workspace/FeaturedMoE/experiments/run/artifacts/results/final_experiment_addtuning/retail_rocket_BSARec_add_stage3_retail_rocket_bsarec_c1_seed1_20260419_084207_692809_pid1759569.json,/workspace/FeaturedMoE/experiments/run/artifacts/logs/final_experiment_addtuning/stage3/retail_rocket/bsarec/baseline/ADD_STAGE3_RETAIL_ROCKET_BSAREC_C1_SEED1.log,0.0,,2026-04-19T10:37:46.281637Z
stage3,retail_rocket,bsarec,baseline,ADD_STAGE3_RETAIL_ROCKET_BSAREC_C2_SEED1,ADD_STAGE2_RETAIL_ROCKET_BSAREC,ADD_STAGE3_RETAIL_ROCKET_BSAREC_C2_SEED1,930052,resume,ok,0.4150222222222222,0.41155134727621867,0.3634,0.3644,/workspace/FeaturedMoE/experiments/run/artifacts/results/final_experiment_addtuning/retail_rocket_BSARec_add_stage3_retail_rocket_bsarec_c2_seed1_20260419_084336_223776_pid1759829.json,/workspace/FeaturedMoE/experiments/run/artifacts/logs/final_experiment_addtuning/stage3/retail_rocket/bsarec/baseline/ADD_STAGE3_RETAIL_ROCKET_BSAREC_C2_SEED1.log,0.0,,2026-04-19T10:37:46.284260Z
stage3,movielens1m,duorec,baseline,ADD_STAGE3_MOVIELENS1M_DUOREC_C2_SEED1,ADD_STAGE2_MOVIELENS1M_DUOREC,ADD_STAGE3_MOVIELENS1M_DUOREC_C2_SEED1,930046,resume,ok,0.12886550850876313,0.09093943100848852,0.0783,0.0536,/workspace/FeaturedMoE/experiments/run/artifacts/results/final_experiment_addtuning/movielens1m_DuoRec_add_stage3_movielens1m_duorec_c2_seed1_20260419_083815_017355_pid1759083.json,/workspace/FeaturedMoE/experiments/run/artifacts/logs/final_experiment_addtuning/stage3/movielens1m/duorec/baseline/ADD_STAGE3_MOVIELENS1M_DUOREC_C2_SEED1.log,0.0,,2026-04-19T10:37:46.268934Z
stage3,retail_rocket,fame,baseline,ADD_STAGE3_RETAIL_ROCKET_FAME_C1_SEED1,ADD_STAGE2_RETAIL_ROCKET_FAME,ADD_STAGE3_RETAIL_ROCKET_FAME_C1_SEED1,930055,resume,ok,0.4025333333333333,0.4051111111111111,0.3748,0.378,/workspace/FeaturedMoE/experiments/run/artifacts/results/final_experiment_addtuning/retail_rocket_FAME_add_stage3_retail_rocket_fame_c1_seed1_20260419_084513_926534_pid1760107.json,/workspace/FeaturedMoE/experiments/run/artifacts/logs/final_experiment_addtuning/stage3/retail_rocket/fame/baseline/ADD_STAGE3_RETAIL_ROCKET_FAME_C1_SEED1.log,0.0,,2026-04-19T10:37:46.291916Z
stage3,movielens1m,duorec,baseline,ADD_STAGE3_MOVIELENS1M_DUOREC_C1_SEED1,ADD_STAGE2_MOVIELENS1M_DUOREC,ADD_STAGE3_MOVIELENS1M_DUOREC_C1_SEED1,930045,resume,ok,0.1352688783172211,0.09233864504310776,0.0837,0.0553,/workspace/FeaturedMoE/experiments/run/artifacts/results/final_experiment_addtuning/movielens1m_DuoRec_add_stage3_movielens1m_duorec_c1_seed1_20260419_083730_355431_pid1758966.json,/workspace/FeaturedMoE/experiments/run/artifacts/logs/final_experiment_addtuning/stage3/movielens1m/duorec/baseline/ADD_STAGE3_MOVIELENS1M_DUOREC_C1_SEED1.log,0.0,,2026-04-19T10:37:46.266416Z
stage3,retail_rocket,fame,baseline,ADD_STAGE3_RETAIL_ROCKET_FAME_C2_SEED1,ADD_STAGE2_RETAIL_ROCKET_FAME,ADD_STAGE3_RETAIL_ROCKET_FAME_C2_SEED1,930056,resume,ok,0.40706666666666663,0.4085674272703719,0.3758,0.3786,/workspace/FeaturedMoE/experiments/run/artifacts/results/final_experiment_addtuning/retail_rocket_FAME_add_stage3_retail_rocket_fame_c2_seed1_20260419_084558_728505_pid1760200.json,/workspace/FeaturedMoE/experiments/run/artifacts/logs/final_experiment_addtuning/stage3/retail_rocket/fame/baseline/ADD_STAGE3_RETAIL_ROCKET_FAME_C2_SEED1.log,0.0,,2026-04-19T10:37:46.294843Z
stage3,retail_rocket,difsr,baseline,ADD_STAGE3_RETAIL_ROCKET_DIFSR_C1_SEED1,ADD_STAGE2_RETAIL_ROCKET_DIFSR,ADD_STAGE3_RETAIL_ROCKET_DIFSR_C1_SEED1,930053,resume,ok,0.4194073937232459,0.4154118599509158,0.3763,0.3756,/workspace/FeaturedMoE/experiments/run/artifacts/results/final_experiment_addtuning/retail_rocket_DIFSR_add_stage3_retail_rocket_difsr_c1_seed1_20260419_084432_441619_pid1760010.json,/workspace/FeaturedMoE/experiments/run/artifacts/logs/final_experiment_addtuning/stage3/retail_rocket/difsr/baseline/ADD_STAGE3_RETAIL_ROCKET_DIFSR_C1_SEED1.log,0.0,,2026-04-19T10:37:46.286793Z
stage3,retail_rocket,duorec,baseline,ADD_STAGE3_RETAIL_ROCKET_DUOREC_C1_SEED1,ADD_STAGE2_RETAIL_ROCKET_DUOREC,ADD_STAGE3_RETAIL_ROCKET_DUOREC_C1_SEED1,930057,resume,ok,0.44271266619322014,0.43673222544830953,0.3643,0.3622,/workspace/FeaturedMoE/experiments/run/artifacts/results/final_experiment_addtuning/retail_rocket_DuoRec_add_stage3_retail_rocket_duorec_c1_seed1_20260419_085054_329521_pid1760550.json,/workspace/FeaturedMoE/experiments/run/artifacts/logs/final_experiment_addtuning/stage3/retail_rocket/duorec/baseline/ADD_STAGE3_RETAIL_ROCKET_DUOREC_C1_SEED1.log,0.0,,2026-04-19T10:37:46.297494Z
stage3,retail_rocket,fdsa,baseline,ADD_STAGE3_RETAIL_ROCKET_FDSA_C1_SEED1,ADD_STAGE2_RETAIL_ROCKET_FDSA,ADD_STAGE3_RETAIL_ROCKET_FDSA_C1_SEED1,930059,resume,ok,0.43888596996206897,0.4319634244793517,0.3622,0.3596,/workspace/FeaturedMoE/experiments/run/artifacts/results/final_experiment_addtuning/retail_rocket_FDSA_add_stage3_retail_rocket_fdsa_c1_seed1_20260419_085652_572770_pid1761008.json,/workspace/FeaturedMoE/experiments/run/artifacts/logs/final_experiment_addtuning/stage3/retail_rocket/fdsa/baseline/ADD_STAGE3_RETAIL_ROCKET_FDSA_C1_SEED1.log,0.0,,2026-04-19T10:37:46.302696Z
stage3,retail_rocket,duorec,baseline,ADD_STAGE3_RETAIL_ROCKET_DUOREC_C2_SEED1,ADD_STAGE2_RETAIL_ROCKET_DUOREC,ADD_STAGE3_RETAIL_ROCKET_DUOREC_C2_SEED1,930058,resume,ok,0.4421016039162058,0.4379,0.3641,0.3657,/workspace/FeaturedMoE/experiments/run/artifacts/results/final_experiment_addtuning/retail_rocket_DuoRec_add_stage3_retail_rocket_duorec_c2_seed1_20260419_085358_965583_pid1760779.json,/workspace/FeaturedMoE/experiments/run/artifacts/logs/final_experiment_addtuning/stage3/retail_rocket/duorec/baseline/ADD_STAGE3_RETAIL_ROCKET_DUOREC_C2_SEED1.log,0.0,,2026-04-19T10:37:46.300080Z
stage3,retail_rocket,fdsa,baseline,ADD_STAGE3_RETAIL_ROCKET_FDSA_C2_SEED1,ADD_STAGE2_RETAIL_ROCKET_FDSA,ADD_STAGE3_RETAIL_ROCKET_FDSA_C2_SEED1,930060,resume,ok,0.4404948313760669,0.4347666666666667,0.3639,0.3627,/workspace/FeaturedMoE/experiments/run/artifacts/results/final_experiment_addtuning/retail_rocket_FDSA_add_stage3_retail_rocket_fdsa_c2_seed1_20260419_085924_579577_pid1761236.json,/workspace/FeaturedMoE/experiments/run/artifacts/logs/final_experiment_addtuning/stage3/retail_rocket/fdsa/baseline/ADD_STAGE3_RETAIL_ROCKET_FDSA_C2_SEED1.log,0.0,,2026-04-19T10:37:46.305262Z
stage3,movielens1m,fearec,baseline,ADD_STAGE3_MOVIELENS1M_FEAREC_C2_SEED1,ADD_STAGE2_MOVIELENS1M_FEAREC,ADD_STAGE3_MOVIELENS1M_FEAREC_C2_SEED1,930050,resume,ok,0.0729888888888889,0.06156666666666667,0.0416,0.0371,/workspace/FeaturedMoE/experiments/run/artifacts/results/final_experiment_addtuning/movielens1m_FEARec_add_stage3_movielens1m_fearec_c2_seed1_20260419_084137_934151_pid1759520.json,/workspace/FeaturedMoE/experiments/run/artifacts/logs/final_experiment_addtuning/stage3/movielens1m/fearec/baseline/ADD_STAGE3_MOVIELENS1M_FEAREC_C2_SEED1.log,0.0,,2026-04-19T10:37:46.279060Z
stage3,retail_rocket,difsr,baseline,ADD_STAGE3_RETAIL_ROCKET_DIFSR_C2_SEED1,ADD_STAGE2_RETAIL_ROCKET_DIFSR,ADD_STAGE3_RETAIL_ROCKET_DIFSR_C2_SEED1,930054,resume,ok,0.42361421403048694,0.42104444444444444,0.3825,0.3835,/workspace/FeaturedMoE/experiments/run/artifacts/results/final_experiment_addtuning/retail_rocket_DIFSR_add_stage3_retail_rocket_difsr_c2_seed1_20260419_084448_351152_pid1760052.json,/workspace/FeaturedMoE/experiments/run/artifacts/logs/final_experiment_addtuning/stage3/retail_rocket/difsr/baseline/ADD_STAGE3_RETAIL_ROCKET_DIFSR_C2_SEED1.log,0.0,,2026-04-19T10:37:46.289312Z
stage3,retail_rocket,fearec,baseline,ADD_STAGE3_RETAIL_ROCKET_FEAREC_C1_SEED1,ADD_STAGE2_RETAIL_ROCKET_FEAREC,ADD_STAGE3_RETAIL_ROCKET_FEAREC_C1_SEED1,930061,resume,ok,0.44664444444444446,0.44242222222222227,0.3721,0.3718,/workspace/FeaturedMoE/experiments/run/artifacts/results/final_experiment_addtuning/retail_rocket_FEARec_add_stage3_retail_rocket_fearec_c1_seed1_20260419_090203_758353_pid1761405.json,/workspace/FeaturedMoE/experiments/run/artifacts/logs/final_experiment_addtuning/stage3/retail_rocket/fearec/baseline/ADD_STAGE3_RETAIL_ROCKET_FEAREC_C1_SEED1.log,0.0,,2026-04-19T10:37:46.307877Z
stage3,movielens1m,fearec,baseline,ADD_STAGE3_MOVIELENS1M_FEAREC_C1_SEED1,ADD_STAGE2_MOVIELENS1M_FEAREC,ADD_STAGE3_MOVIELENS1M_FEAREC_C1_SEED1,930049,resume,ok,0.08743445860804715,0.06713333333333332,0.0522,0.0396,/workspace/FeaturedMoE/experiments/run/artifacts/results/final_experiment_addtuning/movielens1m_FEARec_add_stage3_movielens1m_fearec_c1_seed1_20260419_084112_622294_pid1759427.json,/workspace/FeaturedMoE/experiments/run/artifacts/logs/final_experiment_addtuning/stage3/movielens1m/fearec/baseline/ADD_STAGE3_MOVIELENS1M_FEAREC_C1_SEED1.log,0.0,,2026-04-19T10:37:46.276531Z
stage3,retail_rocket,fearec,baseline,ADD_STAGE3_RETAIL_ROCKET_FEAREC_C2_SEED1,ADD_STAGE2_RETAIL_ROCKET_FEAREC,ADD_STAGE3_RETAIL_ROCKET_FEAREC_C2_SEED1,930062,resume,ok,0.4015777777777778,0.3951222222222222,0.3264,0.3246,/workspace/FeaturedMoE/experiments/run/artifacts/results/final_experiment_addtuning/retail_rocket_FEARec_add_stage3_retail_rocket_fearec_c2_seed1_20260419_090254_048334_pid1761514.json,/workspace/FeaturedMoE/experiments/run/artifacts/logs/final_experiment_addtuning/stage3/retail_rocket/fearec/baseline/ADD_STAGE3_RETAIL_ROCKET_FEAREC_C2_SEED1.log,0.0,,2026-04-19T10:37:46.310452Z
