dataset,model,combo_id,combo_kind,priority,est_runtime_sec,runtime_class,max_evals,epochs,patience,seed,run_phase,space_yaml,base_params_json,search_json
beauty,difsr,K1,seq_short,critical,64.5,very_fast,15,100,7,2026041701,BASELINE2_ADDTUNE3_BEAUTY_DIFSR_K1,/workspace/FeaturedMoE/experiments/run/artifacts/logs/baseline_2/PAIR60_ADDTUNING3/spaces/beauty_difsr_K1.yaml,"{""attribute_hidden_size"": 128, ""dropout"": 0.18, ""embedding_size"": 128, ""fusion_type"": ""gate"", ""hidden_size"": 128, ""inner_size"": 256, ""lambda_attr"": 0.17, ""max_len"": 12, ""n_heads"": 2, ""n_layers"": 2, ""num_heads"": 2, ""num_layers"": 1, ""use_attribute_predictor"": true, ""weight_decay"": 0.00036}","{""MAX_ITEM_LIST_LENGTH"": [12, 14], ""lambda_attr"": [0.13, 0.17, 0.21], ""learning_rate"": [0.00018239, 0.00028372, 0.00040531, 0.00056744, 0.00081063]}"
beauty,difsr,K10,fusion_gate,critical,64.5,very_fast,15,100,7,2026041710,BASELINE2_ADDTUNE3_BEAUTY_DIFSR_K10,/workspace/FeaturedMoE/experiments/run/artifacts/logs/baseline_2/PAIR60_ADDTUNING3/spaces/beauty_difsr_K10.yaml,"{""attribute_hidden_size"": 160, ""dropout"": 0.16, ""embedding_size"": 160, ""fusion_type"": ""gate"", ""hidden_size"": 160, ""inner_size"": 320, ""lambda_attr"": 0.17, ""max_len"": 14, ""n_heads"": 4, ""n_layers"": 3, ""num_heads"": 4, ""num_layers"": 1, ""use_attribute_predictor"": true, ""weight_decay"": 0.00022}","{""fusion_type"": [""concat"", ""gate""], ""lambda_attr"": [0.13, 0.17, 0.21], ""learning_rate"": [0.00018239, 0.00028372, 0.00040531, 0.00056744, 0.00081063], ""weight_decay"": [0.00011, 0.00022, 0.00044]}"
beauty,difsr,K11,fusion_concat,critical,64.5,very_fast,15,100,7,2026041711,BASELINE2_ADDTUNE3_BEAUTY_DIFSR_K11,/workspace/FeaturedMoE/experiments/run/artifacts/logs/baseline_2/PAIR60_ADDTUNING3/spaces/beauty_difsr_K11.yaml,"{""attribute_hidden_size"": 160, ""dropout"": 0.135, ""embedding_size"": 160, ""fusion_type"": ""concat"", ""hidden_size"": 160, ""inner_size"": 320, ""lambda_attr"": 0.24, ""max_len"": 14, ""n_heads"": 4, ""n_layers"": 3, ""num_heads"": 4, ""num_layers"": 3, ""use_attribute_predictor"": true, ""weight_decay"": 0.0001425}","{""fusion_type"": [""concat"", ""gate""], ""lambda_attr"": [0.2, 0.24, 0.28], ""learning_rate"": [0.00018239, 0.00028372, 0.00040531, 0.00056744, 0.00081063], ""weight_decay"": [7.125e-05, 0.0001425, 0.000285]}"
beauty,difsr,K2,lr_focus_alt,critical,64.5,very_fast,15,100,7,2026041702,BASELINE2_ADDTUNE3_BEAUTY_DIFSR_K2,/workspace/FeaturedMoE/experiments/run/artifacts/logs/baseline_2/PAIR60_ADDTUNING3/spaces/beauty_difsr_K2.yaml,"{""attribute_hidden_size"": 160, ""dropout"": 0.135, ""embedding_size"": 160, ""fusion_type"": ""concat"", ""hidden_size"": 160, ""inner_size"": 320, ""lambda_attr"": 0.24, ""max_len"": 14, ""n_heads"": 4, ""n_layers"": 3, ""num_heads"": 4, ""num_layers"": 3, ""use_attribute_predictor"": true, ""weight_decay"": 0.00012}","{""lambda_attr"": [0.2, 0.24, 0.28], ""learning_rate"": [0.00018239, 0.00028372, 0.00040531, 0.00056744, 0.00081063], ""weight_decay"": [6e-05, 0.00012, 0.00024]}"
beauty,difsr,K3,reg_short,critical,64.5,very_fast,15,100,7,2026041703,BASELINE2_ADDTUNE3_BEAUTY_DIFSR_K3,/workspace/FeaturedMoE/experiments/run/artifacts/logs/baseline_2/PAIR60_ADDTUNING3/spaces/beauty_difsr_K3.yaml,"{""attribute_hidden_size"": 128, ""dropout"": 0.195, ""embedding_size"": 128, ""fusion_type"": ""gate"", ""hidden_size"": 128, ""inner_size"": 256, ""lambda_attr"": 0.2, ""max_len"": 12, ""n_heads"": 2, ""n_layers"": 1, ""num_heads"": 2, ""num_layers"": 1, ""use_attribute_predictor"": true, ""weight_decay"": 0.00033}","{""MAX_ITEM_LIST_LENGTH"": [12, 14], ""lambda_attr"": [0.16, 0.2, 0.24], ""learning_rate"": [0.00018239, 0.00028372, 0.00040531, 0.00056744, 0.00081063]}"
beauty,difsr,K4,compact_lowdim,critical,64.5,very_fast,15,100,7,2026041704,BASELINE2_ADDTUNE3_BEAUTY_DIFSR_K4,/workspace/FeaturedMoE/experiments/run/artifacts/logs/baseline_2/PAIR60_ADDTUNING3/spaces/beauty_difsr_K4.yaml,"{""attribute_hidden_size"": 96, ""dropout"": 0.19, ""embedding_size"": 96, ""fusion_type"": ""gate"", ""hidden_size"": 96, ""inner_size"": 192, ""lambda_attr"": 0.17, ""max_len"": 10, ""n_heads"": 2, ""n_layers"": 2, ""num_heads"": 2, ""num_layers"": 1, ""use_attribute_predictor"": true, ""weight_decay"": 0.00052}","{""MAX_ITEM_LIST_LENGTH"": [10, 12], ""lambda_attr"": [0.13, 0.17, 0.21], ""learning_rate"": [0.00018239, 0.00028372, 0.00040531, 0.00056744, 0.00081063]}"
beauty,difsr,K5,compact_attack,critical,64.5,very_fast,15,100,7,2026041705,BASELINE2_ADDTUNE3_BEAUTY_DIFSR_K5,/workspace/FeaturedMoE/experiments/run/artifacts/logs/baseline_2/PAIR60_ADDTUNING3/spaces/beauty_difsr_K5.yaml,"{""attribute_hidden_size"": 128, ""dropout"": 0.12, ""embedding_size"": 128, ""fusion_type"": ""concat"", ""hidden_size"": 128, ""inner_size"": 256, ""lambda_attr"": 0.21, ""max_len"": 10, ""n_heads"": 2, ""n_layers"": 2, ""num_heads"": 2, ""num_layers"": 2, ""use_attribute_predictor"": true, ""weight_decay"": 0.00011}","{""MAX_ITEM_LIST_LENGTH"": [10, 12], ""lambda_attr"": [0.17, 0.21, 0.25], ""learning_rate"": [0.00018239, 0.00028372, 0.00040531, 0.00056744, 0.00081063]}"
beauty,difsr,K6,large_short,critical,64.5,very_fast,15,100,7,2026041706,BASELINE2_ADDTUNE3_BEAUTY_DIFSR_K6,/workspace/FeaturedMoE/experiments/run/artifacts/logs/baseline_2/PAIR60_ADDTUNING3/spaces/beauty_difsr_K6.yaml,"{""attribute_hidden_size"": 224, ""dropout"": 0.13, ""embedding_size"": 224, ""fusion_type"": ""concat"", ""hidden_size"": 224, ""inner_size"": 448, ""lambda_attr"": 0.21, ""max_len"": 16, ""n_heads"": 8, ""n_layers"": 4, ""num_heads"": 8, ""num_layers"": 4, ""use_attribute_predictor"": true, ""weight_decay"": 0.00015}","{""lambda_attr"": [0.17, 0.21, 0.25], ""learning_rate"": [0.00018239, 0.00028372, 0.00040531, 0.00056744, 0.00081063], ""weight_decay"": [7.5e-05, 0.00015, 0.0003]}"
beauty,difsr,K7,shock_small,critical,64.5,very_fast,15,100,7,2026041707,BASELINE2_ADDTUNE3_BEAUTY_DIFSR_K7,/workspace/FeaturedMoE/experiments/run/artifacts/logs/baseline_2/PAIR60_ADDTUNING3/spaces/beauty_difsr_K7.yaml,"{""attribute_hidden_size"": 160, ""dropout"": 0.19, ""embedding_size"": 128, ""fusion_type"": ""gate"", ""hidden_size"": 128, ""inner_size"": 256, ""lambda_attr"": 0.23, ""max_len"": 12, ""n_heads"": 4, ""n_layers"": 2, ""num_heads"": 4, ""num_layers"": 2, ""use_attribute_predictor"": true, ""weight_decay"": 0.00026}","{""fusion_type"": [""concat"", ""gate""], ""lambda_attr"": [0.19, 0.23, 0.27], ""learning_rate"": [0.00018239, 0.00028372, 0.00040531, 0.00056744, 0.00081063], ""weight_decay"": [0.00013, 0.00026, 0.00052]}"
beauty,difsr,K8,shock_large,critical,64.5,very_fast,15,100,7,2026041708,BASELINE2_ADDTUNE3_BEAUTY_DIFSR_K8,/workspace/FeaturedMoE/experiments/run/artifacts/logs/baseline_2/PAIR60_ADDTUNING3/spaces/beauty_difsr_K8.yaml,"{""attribute_hidden_size"": 224, ""dropout"": 0.185, ""embedding_size"": 224, ""fusion_type"": ""concat"", ""hidden_size"": 224, ""inner_size"": 448, ""lambda_attr"": 0.26, ""max_len"": 16, ""n_heads"": 4, ""n_layers"": 1, ""num_heads"": 4, ""num_layers"": 1, ""use_attribute_predictor"": true, ""weight_decay"": 0.000195}","{""fusion_type"": [""concat"", ""gate""], ""lambda_attr"": [0.22, 0.26, 0.3], ""learning_rate"": [0.00018239, 0.00028372, 0.00040531, 0.00056744, 0.00081063], ""weight_decay"": [9.75e-05, 0.000195, 0.00039]}"
beauty,difsr,K9,reg_reset,critical,64.5,very_fast,15,100,7,2026041709,BASELINE2_ADDTUNE3_BEAUTY_DIFSR_K9,/workspace/FeaturedMoE/experiments/run/artifacts/logs/baseline_2/PAIR60_ADDTUNING3/spaces/beauty_difsr_K9.yaml,"{""attribute_hidden_size"": 112, ""dropout"": 0.22, ""embedding_size"": 112, ""fusion_type"": ""gate"", ""hidden_size"": 112, ""inner_size"": 224, ""lambda_attr"": 0.17, ""max_len"": 10, ""n_heads"": 2, ""n_layers"": 1, ""num_heads"": 2, ""num_layers"": 1, ""use_attribute_predictor"": true, ""weight_decay"": 0.0006}","{""MAX_ITEM_LIST_LENGTH"": [10, 12], ""lambda_attr"": [0.13, 0.17, 0.21], ""learning_rate"": [0.00018239, 0.00028372, 0.00040531, 0.00056744, 0.00081063]}"
beauty,bsarec,K1,seq_short,critical,110.5,very_fast,15,100,7,2026041761,BASELINE2_ADDTUNE3_BEAUTY_BSAREC_K1,/workspace/FeaturedMoE/experiments/run/artifacts/logs/baseline_2/PAIR60_ADDTUNING3/spaces/beauty_bsarec_K1.yaml,"{""bsarec_alpha"": 0.51, ""bsarec_c"": 5, ""dropout"": 0.15, ""embedding_size"": 128, ""hidden_size"": 128, ""inner_size"": 256, ""max_len"": 12, ""n_heads"": 2, ""n_layers"": 2, ""num_heads"": 2, ""num_layers"": 2, ""weight_decay"": 0.00018}","{""MAX_ITEM_LIST_LENGTH"": [12, 14], ""bsarec_alpha"": [0.39, 0.51, 0.63], ""learning_rate"": [0.00023415, 0.00036424, 0.00052034, 0.00072847, 0.00104067]}"
beauty,bsarec,K10,alpha_high,critical,110.5,very_fast,15,100,7,2026041770,BASELINE2_ADDTUNE3_BEAUTY_BSAREC_K10,/workspace/FeaturedMoE/experiments/run/artifacts/logs/baseline_2/PAIR60_ADDTUNING3/spaces/beauty_bsarec_K10.yaml,"{""bsarec_alpha"": 0.84, ""bsarec_c"": 2, ""dropout"": 0.11, ""embedding_size"": 160, ""hidden_size"": 160, ""inner_size"": 320, ""max_len"": 14, ""n_heads"": 4, ""n_layers"": 3, ""num_heads"": 4, ""num_layers"": 3, ""weight_decay"": 9e-05}","{""bsarec_alpha"": [0.72, 0.84, 0.9], ""learning_rate"": [0.00023415, 0.00036424, 0.00052034, 0.00072847, 0.00104067], ""weight_decay"": [4.5e-05, 9e-05, 0.00018]}"
beauty,bsarec,K11,alpha_low,critical,110.5,very_fast,15,100,7,2026041771,BASELINE2_ADDTUNE3_BEAUTY_BSAREC_K11,/workspace/FeaturedMoE/experiments/run/artifacts/logs/baseline_2/PAIR60_ADDTUNING3/spaces/beauty_bsarec_K11.yaml,"{""bsarec_alpha"": 0.51, ""bsarec_c"": 5, ""dropout"": 0.15, ""embedding_size"": 128, ""hidden_size"": 128, ""inner_size"": 256, ""max_len"": 12, ""n_heads"": 2, ""n_layers"": 2, ""num_heads"": 2, ""num_layers"": 2, ""weight_decay"": 0.00014}","{""bsarec_alpha"": [0.39, 0.51, 0.63], ""learning_rate"": [0.00023415, 0.00036424, 0.00052034, 0.00072847, 0.00104067], ""weight_decay"": [7e-05, 0.00014, 0.00028]}"
beauty,bsarec,K2,lr_focus_alt,critical,110.5,very_fast,15,100,7,2026041762,BASELINE2_ADDTUNE3_BEAUTY_BSAREC_K2,/workspace/FeaturedMoE/experiments/run/artifacts/logs/baseline_2/PAIR60_ADDTUNING3/spaces/beauty_bsarec_K2.yaml,"{""bsarec_alpha"": 0.84, ""bsarec_c"": 2, ""dropout"": 0.11, ""embedding_size"": 160, ""hidden_size"": 160, ""inner_size"": 320, ""max_len"": 14, ""n_heads"": 4, ""n_layers"": 3, ""num_heads"": 4, ""num_layers"": 3, ""weight_decay"": 8e-05}","{""bsarec_alpha"": [0.72, 0.84, 0.9], ""learning_rate"": [0.00023415, 0.00036424, 0.00052034, 0.00072847, 0.00104067], ""weight_decay"": [4e-05, 8e-05, 0.00016]}"
beauty,bsarec,K3,reg_short,critical,110.5,very_fast,15,100,7,2026041763,BASELINE2_ADDTUNE3_BEAUTY_BSAREC_K3,/workspace/FeaturedMoE/experiments/run/artifacts/logs/baseline_2/PAIR60_ADDTUNING3/spaces/beauty_bsarec_K3.yaml,"{""bsarec_alpha"": 0.51, ""bsarec_c"": 5, ""dropout"": 0.17, ""embedding_size"": 128, ""hidden_size"": 128, ""inner_size"": 256, ""max_len"": 12, ""n_heads"": 2, ""n_layers"": 1, ""num_heads"": 2, ""num_layers"": 1, ""weight_decay"": 0.00022}","{""MAX_ITEM_LIST_LENGTH"": [12, 14], ""bsarec_alpha"": [0.39, 0.51, 0.63], ""learning_rate"": [0.00023415, 0.00036424, 0.00052034, 0.00072847, 0.00104067]}"
beauty,bsarec,K4,compact_lowdim,critical,110.5,very_fast,15,100,7,2026041764,BASELINE2_ADDTUNE3_BEAUTY_BSAREC_K4,/workspace/FeaturedMoE/experiments/run/artifacts/logs/baseline_2/PAIR60_ADDTUNING3/spaces/beauty_bsarec_K4.yaml,"{""bsarec_alpha"": 0.51, ""bsarec_c"": 5, ""dropout"": 0.16, ""embedding_size"": 96, ""hidden_size"": 96, ""inner_size"": 192, ""max_len"": 10, ""n_heads"": 2, ""n_layers"": 2, ""num_heads"": 2, ""num_layers"": 2, ""weight_decay"": 0.00026}","{""MAX_ITEM_LIST_LENGTH"": [10, 12], ""bsarec_alpha"": [0.39, 0.51, 0.63], ""learning_rate"": [0.00023415, 0.00036424, 0.00052034, 0.00072847, 0.00104067]}"
beauty,bsarec,K5,compact_attack,critical,110.5,very_fast,15,100,7,2026041765,BASELINE2_ADDTUNE3_BEAUTY_BSAREC_K5,/workspace/FeaturedMoE/experiments/run/artifacts/logs/baseline_2/PAIR60_ADDTUNING3/spaces/beauty_bsarec_K5.yaml,"{""bsarec_alpha"": 0.84, ""bsarec_c"": 2, ""dropout"": 0.09, ""embedding_size"": 128, ""hidden_size"": 128, ""inner_size"": 256, ""max_len"": 10, ""n_heads"": 2, ""n_layers"": 2, ""num_heads"": 2, ""num_layers"": 2, ""weight_decay"": 5.5e-05}","{""MAX_ITEM_LIST_LENGTH"": [10, 12], ""bsarec_alpha"": [0.72, 0.84, 0.9], ""learning_rate"": [0.00023415, 0.00036424, 0.00052034, 0.00072847, 0.00104067]}"
beauty,bsarec,K6,large_short,critical,110.5,very_fast,15,100,7,2026041766,BASELINE2_ADDTUNE3_BEAUTY_BSAREC_K6,/workspace/FeaturedMoE/experiments/run/artifacts/logs/baseline_2/PAIR60_ADDTUNING3/spaces/beauty_bsarec_K6.yaml,"{""bsarec_alpha"": 0.78, ""bsarec_c"": 2, ""dropout"": 0.1, ""embedding_size"": 224, ""hidden_size"": 224, ""inner_size"": 448, ""max_len"": 16, ""n_heads"": 8, ""n_layers"": 4, ""num_heads"": 8, ""num_layers"": 4, ""weight_decay"": 7.5e-05}","{""bsarec_alpha"": [0.66, 0.78, 0.9], ""learning_rate"": [0.00023415, 0.00036424, 0.00052034, 0.00072847, 0.00104067], ""weight_decay"": [3.75e-05, 7.5e-05, 0.00015]}"
beauty,bsarec,K7,shock_small,critical,110.5,very_fast,15,100,7,2026041767,BASELINE2_ADDTUNE3_BEAUTY_BSAREC_K7,/workspace/FeaturedMoE/experiments/run/artifacts/logs/baseline_2/PAIR60_ADDTUNING3/spaces/beauty_bsarec_K7.yaml,"{""bsarec_alpha"": 0.78, ""bsarec_c"": 2, ""dropout"": 0.16, ""embedding_size"": 128, ""hidden_size"": 128, ""inner_size"": 256, ""max_len"": 12, ""n_heads"": 4, ""n_layers"": 2, ""num_heads"": 4, ""num_layers"": 2, ""weight_decay"": 0.00013}","{""bsarec_alpha"": [0.66, 0.78, 0.9], ""learning_rate"": [0.00023415, 0.00036424, 0.00052034, 0.00072847, 0.00104067], ""weight_decay"": [6.5e-05, 0.00013, 0.00026]}"
beauty,bsarec,K8,shock_large,critical,110.5,very_fast,15,100,7,2026041768,BASELINE2_ADDTUNE3_BEAUTY_BSAREC_K8,/workspace/FeaturedMoE/experiments/run/artifacts/logs/baseline_2/PAIR60_ADDTUNING3/spaces/beauty_bsarec_K8.yaml,"{""bsarec_alpha"": 0.78, ""bsarec_c"": 2, ""dropout"": 0.16, ""embedding_size"": 224, ""hidden_size"": 224, ""inner_size"": 448, ""max_len"": 16, ""n_heads"": 4, ""n_layers"": 2, ""num_heads"": 4, ""num_layers"": 2, ""weight_decay"": 0.00013}","{""bsarec_alpha"": [0.66, 0.78, 0.9], ""learning_rate"": [0.00023415, 0.00036424, 0.00052034, 0.00072847, 0.00104067], ""weight_decay"": [6.5e-05, 0.00013, 0.00026]}"
beauty,bsarec,K9,reg_reset,critical,110.5,very_fast,15,100,7,2026041769,BASELINE2_ADDTUNE3_BEAUTY_BSAREC_K9,/workspace/FeaturedMoE/experiments/run/artifacts/logs/baseline_2/PAIR60_ADDTUNING3/spaces/beauty_bsarec_K9.yaml,"{""bsarec_alpha"": 0.51, ""bsarec_c"": 5, ""dropout"": 0.19, ""embedding_size"": 112, ""hidden_size"": 112, ""inner_size"": 224, ""max_len"": 10, ""n_heads"": 2, ""n_layers"": 1, ""num_heads"": 2, ""num_layers"": 1, ""weight_decay"": 0.0003}","{""MAX_ITEM_LIST_LENGTH"": [10, 12], ""bsarec_alpha"": [0.39, 0.51, 0.63], ""learning_rate"": [0.00023415, 0.00036424, 0.00052034, 0.00072847, 0.00104067]}"
beauty,gru4rec,K1,seq_short,critical,112.9,very_fast,15,100,7,2026041791,BASELINE2_ADDTUNE3_BEAUTY_GRU4REC_K1,/workspace/FeaturedMoE/experiments/run/artifacts/logs/baseline_2/PAIR60_ADDTUNING3/spaces/beauty_gru4rec_K1.yaml,"{""dropout"": 0.23, ""embedding_size"": 160, ""hidden_size"": 160, ""inner_size"": 320, ""max_len"": 12, ""n_layers"": 1, ""num_heads"": 4, ""num_layers"": 1, ""weight_decay"": 1.8e-06}","{""MAX_ITEM_LIST_LENGTH"": [12, 14], ""learning_rate"": [0.00028949, 0.00045031, 0.0006433, 0.00090062, 0.0012866], ""num_layers"": [1, 2]}"
beauty,gru4rec,K10,gru_shallow,critical,112.9,very_fast,15,100,7,2026041800,BASELINE2_ADDTUNE3_BEAUTY_GRU4REC_K10,/workspace/FeaturedMoE/experiments/run/artifacts/logs/baseline_2/PAIR60_ADDTUNING3/spaces/beauty_gru4rec_K10.yaml,"{""dropout"": 0.23, ""embedding_size"": 160, ""hidden_size"": 160, ""inner_size"": 320, ""max_len"": 12, ""n_layers"": 1, ""num_heads"": 4, ""num_layers"": 1, ""weight_decay"": 1.5e-06}","{""learning_rate"": [0.00028949, 0.00045031, 0.0006433, 0.00090062, 0.0012866], ""num_layers"": [1, 2], ""weight_decay"": [1e-06, 1.5e-06, 3e-06]}"
beauty,gru4rec,K2,lr_focus_alt,critical,112.9,very_fast,15,100,7,2026041792,BASELINE2_ADDTUNE3_BEAUTY_GRU4REC_K2,/workspace/FeaturedMoE/experiments/run/artifacts/logs/baseline_2/PAIR60_ADDTUNING3/spaces/beauty_gru4rec_K2.yaml,"{""dropout"": 0.19, ""embedding_size"": 192, ""hidden_size"": 192, ""inner_size"": 384, ""max_len"": 14, ""n_layers"": 2, ""num_heads"": 4, ""num_layers"": 1, ""weight_decay"": 1e-06}","{""learning_rate"": [0.00028949, 0.00045031, 0.0006433, 0.00090062, 0.0012866], ""num_layers"": [1, 2], ""weight_decay"": [1e-06, 2e-06]}"
beauty,gru4rec,K3,reg_short,critical,112.9,very_fast,15,100,7,2026041793,BASELINE2_ADDTUNE3_BEAUTY_GRU4REC_K3,/workspace/FeaturedMoE/experiments/run/artifacts/logs/baseline_2/PAIR60_ADDTUNING3/spaces/beauty_gru4rec_K3.yaml,"{""dropout"": 0.25, ""embedding_size"": 160, ""hidden_size"": 160, ""inner_size"": 320, ""max_len"": 12, ""n_layers"": 1, ""num_heads"": 4, ""num_layers"": 1, ""weight_decay"": 2.2e-06}","{""MAX_ITEM_LIST_LENGTH"": [12, 14], ""learning_rate"": [0.00028949, 0.00045031, 0.0006433, 0.00090062, 0.0012866], ""num_layers"": [1, 2]}"
beauty,gru4rec,K4,compact_lowdim,critical,112.9,very_fast,15,100,7,2026041794,BASELINE2_ADDTUNE3_BEAUTY_GRU4REC_K4,/workspace/FeaturedMoE/experiments/run/artifacts/logs/baseline_2/PAIR60_ADDTUNING3/spaces/beauty_gru4rec_K4.yaml,"{""dropout"": 0.24, ""embedding_size"": 128, ""hidden_size"": 128, ""inner_size"": 256, ""max_len"": 10, ""n_layers"": 1, ""num_heads"": 4, ""num_layers"": 1, ""weight_decay"": 2.6e-06}","{""MAX_ITEM_LIST_LENGTH"": [10, 12], ""learning_rate"": [0.00028949, 0.00045031, 0.0006433, 0.00090062, 0.0012866], ""num_layers"": [1, 2]}"
beauty,gru4rec,K5,compact_attack,critical,112.9,very_fast,15,100,7,2026041795,BASELINE2_ADDTUNE3_BEAUTY_GRU4REC_K5,/workspace/FeaturedMoE/experiments/run/artifacts/logs/baseline_2/PAIR60_ADDTUNING3/spaces/beauty_gru4rec_K5.yaml,"{""dropout"": 0.17, ""embedding_size"": 160, ""hidden_size"": 160, ""inner_size"": 320, ""max_len"": 10, ""n_layers"": 1, ""num_heads"": 4, ""num_layers"": 1, ""weight_decay"": 1e-06}","{""MAX_ITEM_LIST_LENGTH"": [10, 12], ""learning_rate"": [0.00028949, 0.00045031, 0.0006433, 0.00090062, 0.0012866], ""num_layers"": [1, 2]}"
beauty,gru4rec,K6,large_short,critical,112.9,very_fast,15,100,7,2026041796,BASELINE2_ADDTUNE3_BEAUTY_GRU4REC_K6,/workspace/FeaturedMoE/experiments/run/artifacts/logs/baseline_2/PAIR60_ADDTUNING3/spaces/beauty_gru4rec_K6.yaml,"{""dropout"": 0.18, ""embedding_size"": 256, ""hidden_size"": 256, ""inner_size"": 512, ""max_len"": 16, ""n_layers"": 3, ""num_heads"": 4, ""num_layers"": 4, ""weight_decay"": 1e-06}","{""learning_rate"": [0.00028949, 0.00045031, 0.0006433, 0.00090062, 0.0012866], ""num_layers"": [3, 4], ""weight_decay"": [1e-06, 2e-06]}"
beauty,gru4rec,K7,shock_small,critical,112.9,very_fast,15,100,7,2026041797,BASELINE2_ADDTUNE3_BEAUTY_GRU4REC_K7,/workspace/FeaturedMoE/experiments/run/artifacts/logs/baseline_2/PAIR60_ADDTUNING3/spaces/beauty_gru4rec_K7.yaml,"{""dropout"": 0.24, ""embedding_size"": 160, ""hidden_size"": 160, ""inner_size"": 320, ""max_len"": 12, ""n_layers"": 1, ""num_heads"": 4, ""num_layers"": 2, ""weight_decay"": 1.3e-06}","{""learning_rate"": [0.00028949, 0.00045031, 0.0006433, 0.00090062, 0.0012866], ""num_layers"": [1, 2, 3], ""weight_decay"": [1e-06, 1.3e-06, 2.6e-06]}"
beauty,gru4rec,K8,shock_large,critical,112.9,very_fast,15,100,7,2026041798,BASELINE2_ADDTUNE3_BEAUTY_GRU4REC_K8,/workspace/FeaturedMoE/experiments/run/artifacts/logs/baseline_2/PAIR60_ADDTUNING3/spaces/beauty_gru4rec_K8.yaml,"{""dropout"": 0.24, ""embedding_size"": 256, ""hidden_size"": 256, ""inner_size"": 512, ""max_len"": 16, ""n_layers"": 1, ""num_heads"": 4, ""num_layers"": 2, ""weight_decay"": 1.3e-06}","{""learning_rate"": [0.00028949, 0.00045031, 0.0006433, 0.00090062, 0.0012866], ""num_layers"": [1, 2, 3], ""weight_decay"": [1e-06, 1.3e-06, 2.6e-06]}"
beauty,gru4rec,K9,reg_reset,critical,112.9,very_fast,15,100,7,2026041799,BASELINE2_ADDTUNE3_BEAUTY_GRU4REC_K9,/workspace/FeaturedMoE/experiments/run/artifacts/logs/baseline_2/PAIR60_ADDTUNING3/spaces/beauty_gru4rec_K9.yaml,"{""dropout"": 0.27, ""embedding_size"": 128, ""hidden_size"": 128, ""inner_size"": 256, ""max_len"": 10, ""n_layers"": 1, ""num_heads"": 4, ""num_layers"": 1, ""weight_decay"": 3e-06}","{""MAX_ITEM_LIST_LENGTH"": [10, 12], ""learning_rate"": [0.00028949, 0.00045031, 0.0006433, 0.00090062, 0.0012866], ""num_layers"": [1, 2]}"
beauty,fame,K1,seq_short,critical,120.3,fast,13,100,7,2026041731,BASELINE2_ADDTUNE3_BEAUTY_FAME_K1,/workspace/FeaturedMoE/experiments/run/artifacts/logs/baseline_2/PAIR60_ADDTUNING3/spaces/beauty_fame_K1.yaml,"{""dropout"": 0.13, ""embedding_size"": 96, ""hidden_size"": 96, ""inner_size"": 192, ""max_len"": 12, ""n_heads"": 2, ""n_layers"": 1, ""num_experts"": 2, ""num_heads"": 2, ""num_layers"": 1, ""weight_decay"": 0.00018}","{""MAX_ITEM_LIST_LENGTH"": [12, 14], ""learning_rate"": [0.00015281, 0.00023771, 0.00033959, 0.00047542, 0.00067918], ""num_experts"": [2, 3]}"
beauty,fame,K10,experts_low,critical,120.3,fast,13,100,7,2026041740,BASELINE2_ADDTUNE3_BEAUTY_FAME_K10,/workspace/FeaturedMoE/experiments/run/artifacts/logs/baseline_2/PAIR60_ADDTUNING3/spaces/beauty_fame_K10.yaml,"{""dropout"": 0.13, ""embedding_size"": 112, ""hidden_size"": 112, ""inner_size"": 224, ""max_len"": 12, ""n_heads"": 4, ""n_layers"": 1, ""num_experts"": 2, ""num_heads"": 4, ""num_layers"": 1, ""weight_decay"": 0.00016}","{""learning_rate"": [0.00015281, 0.00023771, 0.00033959, 0.00047542, 0.00067918], ""num_experts"": [2, 3], ""weight_decay"": [8e-05, 0.00016, 0.00032]}"
beauty,fame,K11,experts_high,critical,120.3,fast,13,100,7,2026041741,BASELINE2_ADDTUNE3_BEAUTY_FAME_K11,/workspace/FeaturedMoE/experiments/run/artifacts/logs/baseline_2/PAIR60_ADDTUNING3/spaces/beauty_fame_K11.yaml,"{""dropout"": 0.17, ""embedding_size"": 160, ""hidden_size"": 160, ""inner_size"": 320, ""max_len"": 14, ""n_heads"": 4, ""n_layers"": 2, ""num_experts"": 6, ""num_heads"": 4, ""num_layers"": 1, ""weight_decay"": 0.00017}","{""learning_rate"": [0.00015281, 0.00023771, 0.00033959, 0.00047542, 0.00067918], ""num_experts"": [5, 6], ""weight_decay"": [8.5e-05, 0.00017, 0.00034]}"
beauty,fame,K2,lr_focus_alt,critical,120.3,fast,13,100,7,2026041732,BASELINE2_ADDTUNE3_BEAUTY_FAME_K2,/workspace/FeaturedMoE/experiments/run/artifacts/logs/baseline_2/PAIR60_ADDTUNING3/spaces/beauty_fame_K2.yaml,"{""dropout"": 0.09, ""embedding_size"": 128, ""hidden_size"": 128, ""inner_size"": 256, ""max_len"": 14, ""n_heads"": 4, ""n_layers"": 2, ""num_experts"": 3, ""num_heads"": 4, ""num_layers"": 2, ""weight_decay"": 8e-05}","{""learning_rate"": [0.00015281, 0.00023771, 0.00033959, 0.00047542, 0.00067918], ""num_experts"": [2, 3, 4], ""weight_decay"": [4e-05, 8e-05, 0.00016]}"
beauty,fame,K3,reg_short,critical,120.3,fast,13,100,7,2026041733,BASELINE2_ADDTUNE3_BEAUTY_FAME_K3,/workspace/FeaturedMoE/experiments/run/artifacts/logs/baseline_2/PAIR60_ADDTUNING3/spaces/beauty_fame_K3.yaml,"{""dropout"": 0.15, ""embedding_size"": 96, ""hidden_size"": 96, ""inner_size"": 192, ""max_len"": 12, ""n_heads"": 2, ""n_layers"": 1, ""num_experts"": 2, ""num_heads"": 2, ""num_layers"": 1, ""weight_decay"": 0.00022}","{""MAX_ITEM_LIST_LENGTH"": [12, 14], ""learning_rate"": [0.00015281, 0.00023771, 0.00033959, 0.00047542, 0.00067918], ""num_experts"": [2, 3]}"
beauty,fame,K4,compact_lowdim,critical,120.3,fast,13,100,7,2026041734,BASELINE2_ADDTUNE3_BEAUTY_FAME_K4,/workspace/FeaturedMoE/experiments/run/artifacts/logs/baseline_2/PAIR60_ADDTUNING3/spaces/beauty_fame_K4.yaml,"{""dropout"": 0.14, ""embedding_size"": 80, ""hidden_size"": 80, ""inner_size"": 160, ""max_len"": 10, ""n_heads"": 2, ""n_layers"": 1, ""num_experts"": 2, ""num_heads"": 2, ""num_layers"": 1, ""weight_decay"": 0.00026}","{""MAX_ITEM_LIST_LENGTH"": [10, 12], ""learning_rate"": [0.00015281, 0.00023771, 0.00033959, 0.00047542, 0.00067918], ""num_experts"": [2, 3]}"
beauty,fame,K5,compact_attack,critical,120.3,fast,13,100,7,2026041735,BASELINE2_ADDTUNE3_BEAUTY_FAME_K5,/workspace/FeaturedMoE/experiments/run/artifacts/logs/baseline_2/PAIR60_ADDTUNING3/spaces/beauty_fame_K5.yaml,"{""dropout"": 0.07, ""embedding_size"": 112, ""hidden_size"": 112, ""inner_size"": 224, ""max_len"": 10, ""n_heads"": 2, ""n_layers"": 1, ""num_experts"": 3, ""num_heads"": 2, ""num_layers"": 1, ""weight_decay"": 5.5e-05}","{""MAX_ITEM_LIST_LENGTH"": [10, 12], ""learning_rate"": [0.00015281, 0.00023771, 0.00033959, 0.00047542, 0.00067918], ""num_experts"": [2, 3, 4]}"
beauty,fame,K6,large_short,critical,120.3,fast,13,100,7,2026041736,BASELINE2_ADDTUNE3_BEAUTY_FAME_K6,/workspace/FeaturedMoE/experiments/run/artifacts/logs/baseline_2/PAIR60_ADDTUNING3/spaces/beauty_fame_K6.yaml,"{""dropout"": 0.16, ""embedding_size"": 160, ""hidden_size"": 160, ""inner_size"": 320, ""max_len"": 16, ""n_heads"": 8, ""n_layers"": 3, ""num_experts"": 6, ""num_heads"": 8, ""num_layers"": 1, ""weight_decay"": 0.00015}","{""learning_rate"": [0.00015281, 0.00023771, 0.00033959, 0.00047542, 0.00067918], ""num_experts"": [5, 6], ""weight_decay"": [7.5e-05, 0.00015, 0.0003]}"
beauty,fame,K7,shock_small,critical,120.3,fast,13,100,7,2026041737,BASELINE2_ADDTUNE3_BEAUTY_FAME_K7,/workspace/FeaturedMoE/experiments/run/artifacts/logs/baseline_2/PAIR60_ADDTUNING3/spaces/beauty_fame_K7.yaml,"{""dropout"": 0.14, ""embedding_size"": 96, ""hidden_size"": 96, ""inner_size"": 192, ""max_len"": 12, ""n_heads"": 4, ""n_layers"": 1, ""num_experts"": 5, ""num_heads"": 4, ""num_layers"": 1, ""weight_decay"": 0.00013}","{""learning_rate"": [0.00015281, 0.00023771, 0.00033959, 0.00047542, 0.00067918], ""num_experts"": [4, 5, 6], ""weight_decay"": [6.5e-05, 0.00013, 0.00026]}"
beauty,fame,K8,shock_large,critical,120.3,fast,13,100,7,2026041738,BASELINE2_ADDTUNE3_BEAUTY_FAME_K8,/workspace/FeaturedMoE/experiments/run/artifacts/logs/baseline_2/PAIR60_ADDTUNING3/spaces/beauty_fame_K8.yaml,"{""dropout"": 0.14, ""embedding_size"": 192, ""hidden_size"": 192, ""inner_size"": 384, ""max_len"": 16, ""n_heads"": 4, ""n_layers"": 1, ""num_experts"": 5, ""num_heads"": 4, ""num_layers"": 1, ""weight_decay"": 0.00013}","{""learning_rate"": [0.00015281, 0.00023771, 0.00033959, 0.00047542, 0.00067918], ""num_experts"": [4, 5, 6], ""weight_decay"": [6.5e-05, 0.00013, 0.00026]}"
beauty,fame,K9,reg_reset,critical,120.3,fast,13,100,7,2026041739,BASELINE2_ADDTUNE3_BEAUTY_FAME_K9,/workspace/FeaturedMoE/experiments/run/artifacts/logs/baseline_2/PAIR60_ADDTUNING3/spaces/beauty_fame_K9.yaml,"{""dropout"": 0.25, ""embedding_size"": 96, ""hidden_size"": 96, ""inner_size"": 192, ""max_len"": 10, ""n_heads"": 2, ""n_layers"": 1, ""num_experts"": 2, ""num_heads"": 2, ""num_layers"": 1, ""weight_decay"": 0.0006}","{""MAX_ITEM_LIST_LENGTH"": [10, 12], ""learning_rate"": [0.00015281, 0.00023771, 0.00033959, 0.00047542, 0.00067918], ""num_experts"": [2, 3]}"
beauty,tisasrec,K1,seq_short,critical,276.9,fast,13,100,7,2026041821,BASELINE2_ADDTUNE3_BEAUTY_TISASREC_K1,/workspace/FeaturedMoE/experiments/run/artifacts/logs/baseline_2/PAIR60_ADDTUNING3/spaces/beauty_tisasrec_K1.yaml,"{""dropout"": 0.15, ""embedding_size"": 112, ""hidden_size"": 112, ""inner_size"": 224, ""max_len"": 12, ""n_heads"": 2, ""n_layers"": 1, ""num_heads"": 2, ""num_layers"": 1, ""time_span"": 64, ""weight_decay"": 0.00027}","{""MAX_ITEM_LIST_LENGTH"": [12, 14], ""learning_rate"": [0.00019225, 0.00029906, 0.00042722, 0.00059811, 0.00085445], ""time_span"": [64, 128]}"
beauty,tisasrec,K10,time_short,critical,276.9,fast,13,100,7,2026041830,BASELINE2_ADDTUNE3_BEAUTY_TISASREC_K10,/workspace/FeaturedMoE/experiments/run/artifacts/logs/baseline_2/PAIR60_ADDTUNING3/spaces/beauty_tisasrec_K10.yaml,"{""dropout"": 0.14, ""embedding_size"": 128, ""hidden_size"": 128, ""inner_size"": 256, ""max_len"": 12, ""n_heads"": 2, ""n_layers"": 1, ""num_heads"": 2, ""num_layers"": 1, ""time_span"": 64, ""weight_decay"": 0.000195}","{""learning_rate"": [0.00019225, 0.00029906, 0.00042722, 0.00059811, 0.00085445], ""time_span"": [64, 128], ""weight_decay"": [9.75e-05, 0.000195, 0.00039]}"
beauty,tisasrec,K11,time_wide,critical,276.9,fast,13,100,7,2026041831,BASELINE2_ADDTUNE3_BEAUTY_TISASREC_K11,/workspace/FeaturedMoE/experiments/run/artifacts/logs/baseline_2/PAIR60_ADDTUNING3/spaces/beauty_tisasrec_K11.yaml,"{""dropout"": 0.11, ""embedding_size"": 160, ""hidden_size"": 160, ""inner_size"": 320, ""max_len"": 16, ""n_heads"": 8, ""n_layers"": 3, ""num_heads"": 8, ""num_layers"": 3, ""time_span"": 128, ""weight_decay"": 0.000135}","{""learning_rate"": [0.00019225, 0.00029906, 0.00042722, 0.00059811, 0.00085445], ""time_span"": [64, 128, 256], ""weight_decay"": [6.75e-05, 0.000135, 0.00027]}"
beauty,tisasrec,K2,lr_focus_alt,critical,276.9,fast,13,100,7,2026041822,BASELINE2_ADDTUNE3_BEAUTY_TISASREC_K2,/workspace/FeaturedMoE/experiments/run/artifacts/logs/baseline_2/PAIR60_ADDTUNING3/spaces/beauty_tisasrec_K2.yaml,"{""dropout"": 0.11, ""embedding_size"": 128, ""hidden_size"": 128, ""inner_size"": 256, ""max_len"": 14, ""n_heads"": 4, ""n_layers"": 2, ""num_heads"": 4, ""num_layers"": 2, ""time_span"": 64, ""weight_decay"": 0.00012}","{""learning_rate"": [0.00019225, 0.00029906, 0.00042722, 0.00059811, 0.00085445], ""time_span"": [64, 128], ""weight_decay"": [6e-05, 0.00012, 0.00024]}"
beauty,tisasrec,K3,reg_short,critical,276.9,fast,13,100,7,2026041823,BASELINE2_ADDTUNE3_BEAUTY_TISASREC_K3,/workspace/FeaturedMoE/experiments/run/artifacts/logs/baseline_2/PAIR60_ADDTUNING3/spaces/beauty_tisasrec_K3.yaml,"{""dropout"": 0.17, ""embedding_size"": 112, ""hidden_size"": 112, ""inner_size"": 224, ""max_len"": 12, ""n_heads"": 2, ""n_layers"": 1, ""num_heads"": 2, ""num_layers"": 1, ""time_span"": 64, ""weight_decay"": 0.00033}","{""MAX_ITEM_LIST_LENGTH"": [12, 14], ""learning_rate"": [0.00019225, 0.00029906, 0.00042722, 0.00059811, 0.00085445], ""time_span"": [64, 128]}"
beauty,tisasrec,K4,compact_lowdim,critical,276.9,fast,13,100,7,2026041824,BASELINE2_ADDTUNE3_BEAUTY_TISASREC_K4,/workspace/FeaturedMoE/experiments/run/artifacts/logs/baseline_2/PAIR60_ADDTUNING3/spaces/beauty_tisasrec_K4.yaml,"{""dropout"": 0.16, ""embedding_size"": 96, ""hidden_size"": 96, ""inner_size"": 192, ""max_len"": 10, ""n_heads"": 2, ""n_layers"": 1, ""num_heads"": 2, ""num_layers"": 1, ""time_span"": 64, ""weight_decay"": 0.00039}","{""MAX_ITEM_LIST_LENGTH"": [10, 12], ""learning_rate"": [0.00019225, 0.00029906, 0.00042722, 0.00059811, 0.00085445], ""time_span"": [64, 128]}"
beauty,tisasrec,K5,compact_attack,critical,276.9,fast,13,100,7,2026041825,BASELINE2_ADDTUNE3_BEAUTY_TISASREC_K5,/workspace/FeaturedMoE/experiments/run/artifacts/logs/baseline_2/PAIR60_ADDTUNING3/spaces/beauty_tisasrec_K5.yaml,"{""dropout"": 0.09, ""embedding_size"": 128, ""hidden_size"": 128, ""inner_size"": 256, ""max_len"": 10, ""n_heads"": 2, ""n_layers"": 1, ""num_heads"": 2, ""num_layers"": 1, ""time_span"": 64, ""weight_decay"": 8.25e-05}","{""MAX_ITEM_LIST_LENGTH"": [10, 12], ""learning_rate"": [0.00019225, 0.00029906, 0.00042722, 0.00059811, 0.00085445], ""time_span"": [64, 128]}"
beauty,tisasrec,K6,large_short,critical,276.9,fast,13,100,7,2026041826,BASELINE2_ADDTUNE3_BEAUTY_TISASREC_K6,/workspace/FeaturedMoE/experiments/run/artifacts/logs/baseline_2/PAIR60_ADDTUNING3/spaces/beauty_tisasrec_K6.yaml,"{""dropout"": 0.1, ""embedding_size"": 192, ""hidden_size"": 192, ""inner_size"": 384, ""max_len"": 16, ""n_heads"": 8, ""n_layers"": 3, ""num_heads"": 8, ""num_layers"": 3, ""time_span"": 128, ""weight_decay"": 0.0001125}","{""learning_rate"": [0.00019225, 0.00029906, 0.00042722, 0.00059811, 0.00085445], ""time_span"": [64, 128, 256], ""weight_decay"": [5.625e-05, 0.0001125, 0.000225]}"
beauty,tisasrec,K7,shock_small,critical,276.9,fast,13,100,7,2026041827,BASELINE2_ADDTUNE3_BEAUTY_TISASREC_K7,/workspace/FeaturedMoE/experiments/run/artifacts/logs/baseline_2/PAIR60_ADDTUNING3/spaces/beauty_tisasrec_K7.yaml,"{""dropout"": 0.16, ""embedding_size"": 112, ""hidden_size"": 112, ""inner_size"": 224, ""max_len"": 12, ""n_heads"": 4, ""n_layers"": 1, ""num_heads"": 4, ""num_layers"": 1, ""time_span"": 128, ""weight_decay"": 0.000195}","{""learning_rate"": [0.00019225, 0.00029906, 0.00042722, 0.00059811, 0.00085445], ""time_span"": [64, 128, 256], ""weight_decay"": [9.75e-05, 0.000195, 0.00039]}"
beauty,tisasrec,K8,shock_large,critical,276.9,fast,13,100,7,2026041828,BASELINE2_ADDTUNE3_BEAUTY_TISASREC_K8,/workspace/FeaturedMoE/experiments/run/artifacts/logs/baseline_2/PAIR60_ADDTUNING3/spaces/beauty_tisasrec_K8.yaml,"{""dropout"": 0.16, ""embedding_size"": 192, ""hidden_size"": 192, ""inner_size"": 384, ""max_len"": 16, ""n_heads"": 4, ""n_layers"": 1, ""num_heads"": 4, ""num_layers"": 1, ""time_span"": 128, ""weight_decay"": 0.000195}","{""learning_rate"": [0.00019225, 0.00029906, 0.00042722, 0.00059811, 0.00085445], ""time_span"": [64, 128, 256], ""weight_decay"": [9.75e-05, 0.000195, 0.00039]}"
beauty,tisasrec,K9,reg_reset,critical,276.9,fast,13,100,7,2026041829,BASELINE2_ADDTUNE3_BEAUTY_TISASREC_K9,/workspace/FeaturedMoE/experiments/run/artifacts/logs/baseline_2/PAIR60_ADDTUNING3/spaces/beauty_tisasrec_K9.yaml,"{""dropout"": 0.19, ""embedding_size"": 112, ""hidden_size"": 112, ""inner_size"": 224, ""max_len"": 10, ""n_heads"": 2, ""n_layers"": 1, ""num_heads"": 2, ""num_layers"": 1, ""time_span"": 64, ""weight_decay"": 0.00045}","{""MAX_ITEM_LIST_LENGTH"": [10, 12], ""learning_rate"": [0.00019225, 0.00029906, 0.00042722, 0.00059811, 0.00085445], ""time_span"": [64, 128]}"
beauty,fearec,K1,seq_short,high,334.6,fast,11,100,7,2026041881,BASELINE2_ADDTUNE3_BEAUTY_FEAREC_K1,/workspace/FeaturedMoE/experiments/run/artifacts/logs/baseline_2/PAIR60_ADDTUNING3/spaces/beauty_fearec_K1.yaml,"{""contrast"": ""un"", ""dropout"": 0.15, ""embedding_size"": 96, ""global_ratio"": 0.68, ""hidden_size"": 96, ""inner_size"": 192, ""lmd"": 0.04, ""lmd_sem"": 0.02, ""max_len"": 12, ""n_heads"": 2, ""n_layers"": 1, ""num_heads"": 2, ""num_layers"": 1, ""semantic_sample_max_tries"": 2, ""tau"": 0.16, ""weight_decay"": 0.00027}","{""MAX_ITEM_LIST_LENGTH"": [12, 14], ""learning_rate"": [0.0001331, 0.00020704, 0.00029577, 0.00041408, 0.00059154], ""tau"": [0.128, 0.16, 0.2]}"
beauty,fearec,K2,lr_focus_alt,high,334.6,fast,11,100,7,2026041882,BASELINE2_ADDTUNE3_BEAUTY_FEAREC_K2,/workspace/FeaturedMoE/experiments/run/artifacts/logs/baseline_2/PAIR60_ADDTUNING3/spaces/beauty_fearec_K2.yaml,"{""contrast"": ""su"", ""dropout"": 0.11, ""embedding_size"": 128, ""global_ratio"": 0.7225, ""hidden_size"": 128, ""inner_size"": 256, ""lmd"": 0.04, ""lmd_sem"": 0.04, ""max_len"": 14, ""n_heads"": 2, ""n_layers"": 2, ""num_heads"": 2, ""num_layers"": 2, ""semantic_sample_max_tries"": 2, ""tau"": 0.28, ""weight_decay"": 0.00012}","{""learning_rate"": [0.0001331, 0.00020704, 0.00029577, 0.00041408, 0.00059154], ""tau"": [0.224, 0.28, 0.35], ""weight_decay"": [6e-05, 0.00012, 0.00024]}"
beauty,fearec,K3,reg_short,high,334.6,fast,11,100,7,2026041883,BASELINE2_ADDTUNE3_BEAUTY_FEAREC_K3,/workspace/FeaturedMoE/experiments/run/artifacts/logs/baseline_2/PAIR60_ADDTUNING3/spaces/beauty_fearec_K3.yaml,"{""contrast"": ""un"", ""dropout"": 0.17, ""embedding_size"": 96, ""global_ratio"": 0.68, ""hidden_size"": 96, ""inner_size"": 192, ""lmd"": 0.04, ""lmd_sem"": 0.02, ""max_len"": 12, ""n_heads"": 2, ""n_layers"": 1, ""num_heads"": 2, ""num_layers"": 1, ""semantic_sample_max_tries"": 2, ""tau"": 0.16, ""weight_decay"": 0.00033}","{""MAX_ITEM_LIST_LENGTH"": [12, 14], ""learning_rate"": [0.0001331, 0.00020704, 0.00029577, 0.00041408, 0.00059154], ""tau"": [0.128, 0.16, 0.2]}"
beauty,fearec,K4,compact_lowdim,high,334.6,fast,11,100,7,2026041884,BASELINE2_ADDTUNE3_BEAUTY_FEAREC_K4,/workspace/FeaturedMoE/experiments/run/artifacts/logs/baseline_2/PAIR60_ADDTUNING3/spaces/beauty_fearec_K4.yaml,"{""contrast"": ""un"", ""dropout"": 0.16, ""embedding_size"": 80, ""global_ratio"": 0.68, ""hidden_size"": 80, ""inner_size"": 160, ""lmd"": 0.04, ""lmd_sem"": 0.02, ""max_len"": 10, ""n_heads"": 2, ""n_layers"": 1, ""num_heads"": 2, ""num_layers"": 1, ""semantic_sample_max_tries"": 2, ""tau"": 0.16, ""weight_decay"": 0.00039}","{""MAX_ITEM_LIST_LENGTH"": [10, 12], ""learning_rate"": [0.0001331, 0.00020704, 0.00029577, 0.00041408, 0.00059154], ""tau"": [0.128, 0.16, 0.2]}"
beauty,fearec,K5,compact_attack,high,334.6,fast,11,100,7,2026041885,BASELINE2_ADDTUNE3_BEAUTY_FEAREC_K5,/workspace/FeaturedMoE/experiments/run/artifacts/logs/baseline_2/PAIR60_ADDTUNING3/spaces/beauty_fearec_K5.yaml,"{""contrast"": ""su"", ""dropout"": 0.09, ""embedding_size"": 112, ""global_ratio"": 0.7225, ""hidden_size"": 112, ""inner_size"": 224, ""lmd"": 0.04, ""lmd_sem"": 0.04, ""max_len"": 10, ""n_heads"": 2, ""n_layers"": 1, ""num_heads"": 2, ""num_layers"": 1, ""semantic_sample_max_tries"": 2, ""tau"": 0.28, ""weight_decay"": 8.25e-05}","{""MAX_ITEM_LIST_LENGTH"": [10, 12], ""learning_rate"": [0.0001331, 0.00020704, 0.00029577, 0.00041408, 0.00059154], ""tau"": [0.224, 0.28, 0.35]}"
beauty,fearec,K6,large_short,high,334.6,fast,11,100,7,2026041886,BASELINE2_ADDTUNE3_BEAUTY_FEAREC_K6,/workspace/FeaturedMoE/experiments/run/artifacts/logs/baseline_2/PAIR60_ADDTUNING3/spaces/beauty_fearec_K6.yaml,"{""contrast"": ""us_x"", ""dropout"": 0.11, ""embedding_size"": 160, ""global_ratio"": 0.782, ""hidden_size"": 160, ""inner_size"": 320, ""lmd"": 0.04, ""lmd_sem"": 0.08, ""max_len"": 16, ""n_heads"": 8, ""n_layers"": 3, ""num_heads"": 8, ""num_layers"": 3, ""semantic_sample_max_tries"": 2, ""tau"": 0.408, ""weight_decay"": 7.5e-05}","{""global_ratio"": [0.7038, 0.782, 0.8211], ""learning_rate"": [0.00014789, 0.00023004, 0.00032863, 0.00046009, 0.00065727], ""tau"": [0.3264, 0.408, 0.51], ""weight_decay"": [3.75e-05, 7.5e-05, 0.00015]}"
beauty,fearec,K7,shock_small,high,334.6,fast,11,100,7,2026041887,BASELINE2_ADDTUNE3_BEAUTY_FEAREC_K7,/workspace/FeaturedMoE/experiments/run/artifacts/logs/baseline_2/PAIR60_ADDTUNING3/spaces/beauty_fearec_K7.yaml,"{""contrast"": ""us_x"", ""dropout"": 0.16, ""embedding_size"": 96, ""global_ratio"": 0.782, ""hidden_size"": 96, ""inner_size"": 192, ""lmd"": 0.04, ""lmd_sem"": 0.08, ""max_len"": 12, ""n_heads"": 2, ""n_layers"": 1, ""num_heads"": 2, ""num_layers"": 1, ""semantic_sample_max_tries"": 2, ""tau"": 0.408, ""weight_decay"": 0.000195}","{""learning_rate"": [0.0001331, 0.00020704, 0.00029577, 0.00041408, 0.00059154], ""tau"": [0.3264, 0.408, 0.51], ""weight_decay"": [9.75e-05, 0.000195, 0.00039]}"
beauty,fearec,K8,shock_large,high,334.6,fast,11,100,7,2026041888,BASELINE2_ADDTUNE3_BEAUTY_FEAREC_K8,/workspace/FeaturedMoE/experiments/run/artifacts/logs/baseline_2/PAIR60_ADDTUNING3/spaces/beauty_fearec_K8.yaml,"{""contrast"": ""us_x"", ""dropout"": 0.16, ""embedding_size"": 192, ""global_ratio"": 0.782, ""hidden_size"": 192, ""inner_size"": 384, ""lmd"": 0.04, ""lmd_sem"": 0.08, ""max_len"": 16, ""n_heads"": 2, ""n_layers"": 1, ""num_heads"": 2, ""num_layers"": 1, ""semantic_sample_max_tries"": 2, ""tau"": 0.408, ""weight_decay"": 0.000195}","{""global_ratio"": [0.7038, 0.782, 0.8211], ""learning_rate"": [0.0001331, 0.00020704, 0.00029577, 0.00041408, 0.00059154], ""tau"": [0.3264, 0.408, 0.51], ""weight_decay"": [9.75e-05, 0.000195, 0.00039]}"
beauty,fearec,K9,reg_reset,high,334.6,fast,11,100,7,2026041889,BASELINE2_ADDTUNE3_BEAUTY_FEAREC_K9,/workspace/FeaturedMoE/experiments/run/artifacts/logs/baseline_2/PAIR60_ADDTUNING3/spaces/beauty_fearec_K9.yaml,"{""contrast"": ""un"", ""dropout"": 0.2, ""embedding_size"": 96, ""global_ratio"": 0.68, ""hidden_size"": 96, ""inner_size"": 192, ""lmd"": 0.0, ""lmd_sem"": 0.02, ""max_len"": 10, ""n_heads"": 2, ""n_layers"": 1, ""num_heads"": 2, ""num_layers"": 1, ""semantic_sample_max_tries"": 2, ""tau"": 0.192, ""weight_decay"": 0.0003}","{""MAX_ITEM_LIST_LENGTH"": [10, 12], ""learning_rate"": [0.00014789, 0.00023004, 0.00032863, 0.00046009, 0.00065727], ""tau"": [0.1536, 0.192, 0.24]}"
beauty,duorec,K1,seq_short,high,340.6,fast,11,100,7,2026041851,BASELINE2_ADDTUNE3_BEAUTY_DUOREC_K1,/workspace/FeaturedMoE/experiments/run/artifacts/logs/baseline_2/PAIR60_ADDTUNING3/spaces/beauty_duorec_K1.yaml,"{""contrast"": ""un"", ""dropout"": 0.16, ""embedding_size"": 96, ""hidden_size"": 96, ""inner_size"": 192, ""lmd"": 0.0, ""lmd_sem"": 0.02, ""max_len"": 12, ""n_heads"": 2, ""n_layers"": 1, ""num_heads"": 2, ""num_layers"": 1, ""semantic_sample_max_tries"": 2, ""tau"": 0.192, ""weight_decay"": 0.00018}","{""MAX_ITEM_LIST_LENGTH"": [12, 14], ""learning_rate"": [0.00013556, 0.00021087, 0.00030125, 0.00042175, 0.00060249], ""tau"": [0.1536, 0.192, 0.24]}"
beauty,duorec,K2,lr_focus_alt,high,340.6,fast,11,100,7,2026041852,BASELINE2_ADDTUNE3_BEAUTY_DUOREC_K2,/workspace/FeaturedMoE/experiments/run/artifacts/logs/baseline_2/PAIR60_ADDTUNING3/spaces/beauty_duorec_K2.yaml,"{""contrast"": ""su"", ""dropout"": 0.12, ""embedding_size"": 112, ""hidden_size"": 112, ""inner_size"": 224, ""lmd"": 0.02, ""lmd_sem"": 0.06, ""max_len"": 14, ""n_heads"": 2, ""n_layers"": 1, ""num_heads"": 2, ""num_layers"": 1, ""semantic_sample_max_tries"": 2, ""tau"": 0.336, ""weight_decay"": 8e-05}","{""learning_rate"": [0.00013556, 0.00021087, 0.00030125, 0.00042175, 0.00060249], ""tau"": [0.2688, 0.336, 0.42], ""weight_decay"": [4e-05, 8e-05, 0.00016]}"
beauty,duorec,K3,reg_short,high,340.6,fast,11,100,7,2026041853,BASELINE2_ADDTUNE3_BEAUTY_DUOREC_K3,/workspace/FeaturedMoE/experiments/run/artifacts/logs/baseline_2/PAIR60_ADDTUNING3/spaces/beauty_duorec_K3.yaml,"{""contrast"": ""un"", ""dropout"": 0.18, ""embedding_size"": 96, ""hidden_size"": 96, ""inner_size"": 192, ""lmd"": 0.0, ""lmd_sem"": 0.02, ""max_len"": 12, ""n_heads"": 2, ""n_layers"": 1, ""num_heads"": 2, ""num_layers"": 1, ""semantic_sample_max_tries"": 2, ""tau"": 0.192, ""weight_decay"": 0.00022}","{""MAX_ITEM_LIST_LENGTH"": [12, 14], ""learning_rate"": [0.00013556, 0.00021087, 0.00030125, 0.00042175, 0.00060249], ""tau"": [0.1536, 0.192, 0.24]}"
beauty,duorec,K4,compact_lowdim,high,340.6,fast,11,100,7,2026041854,BASELINE2_ADDTUNE3_BEAUTY_DUOREC_K4,/workspace/FeaturedMoE/experiments/run/artifacts/logs/baseline_2/PAIR60_ADDTUNING3/spaces/beauty_duorec_K4.yaml,"{""contrast"": ""un"", ""dropout"": 0.17, ""embedding_size"": 80, ""hidden_size"": 80, ""inner_size"": 160, ""lmd"": 0.0, ""lmd_sem"": 0.02, ""max_len"": 10, ""n_heads"": 2, ""n_layers"": 1, ""num_heads"": 2, ""num_layers"": 1, ""semantic_sample_max_tries"": 2, ""tau"": 0.192, ""weight_decay"": 0.00026}","{""MAX_ITEM_LIST_LENGTH"": [10, 12], ""learning_rate"": [0.00013556, 0.00021087, 0.00030125, 0.00042175, 0.00060249], ""tau"": [0.1536, 0.192, 0.24]}"
beauty,duorec,K5,compact_attack,high,340.6,fast,11,100,7,2026041855,BASELINE2_ADDTUNE3_BEAUTY_DUOREC_K5,/workspace/FeaturedMoE/experiments/run/artifacts/logs/baseline_2/PAIR60_ADDTUNING3/spaces/beauty_duorec_K5.yaml,"{""contrast"": ""su"", ""dropout"": 0.1, ""embedding_size"": 96, ""hidden_size"": 96, ""inner_size"": 192, ""lmd"": 0.02, ""lmd_sem"": 0.06, ""max_len"": 10, ""n_heads"": 2, ""n_layers"": 1, ""num_heads"": 2, ""num_layers"": 1, ""semantic_sample_max_tries"": 2, ""tau"": 0.336, ""weight_decay"": 5.5e-05}","{""MAX_ITEM_LIST_LENGTH"": [10, 12], ""learning_rate"": [0.00013556, 0.00021087, 0.00030125, 0.00042175, 0.00060249], ""tau"": [0.2688, 0.336, 0.42]}"
beauty,duorec,K6,large_short,high,340.6,fast,11,100,7,2026041856,BASELINE2_ADDTUNE3_BEAUTY_DUOREC_K6,/workspace/FeaturedMoE/experiments/run/artifacts/logs/baseline_2/PAIR60_ADDTUNING3/spaces/beauty_duorec_K6.yaml,"{""contrast"": ""us_x"", ""dropout"": 0.14, ""embedding_size"": 160, ""hidden_size"": 160, ""inner_size"": 320, ""lmd"": 0.04, ""lmd_sem"": 0.08, ""max_len"": 16, ""n_heads"": 8, ""n_layers"": 2, ""num_heads"": 8, ""num_layers"": 2, ""semantic_sample_max_tries"": 2, ""tau"": 0.3672, ""weight_decay"": 0.000135}","{""learning_rate"": [0.00013556, 0.00021087, 0.00030125, 0.00042175, 0.00060249], ""tau"": [0.2938, 0.3672, 0.459], ""weight_decay"": [6.75e-05, 0.000135, 0.00027]}"
beauty,duorec,K7,shock_small,high,340.6,fast,11,100,7,2026041857,BASELINE2_ADDTUNE3_BEAUTY_DUOREC_K7,/workspace/FeaturedMoE/experiments/run/artifacts/logs/baseline_2/PAIR60_ADDTUNING3/spaces/beauty_duorec_K7.yaml,"{""contrast"": ""us_x"", ""dropout"": 0.17, ""embedding_size"": 80, ""hidden_size"": 80, ""inner_size"": 160, ""lmd"": 0.04, ""lmd_sem"": 0.08, ""max_len"": 12, ""n_heads"": 2, ""n_layers"": 1, ""num_heads"": 2, ""num_layers"": 1, ""semantic_sample_max_tries"": 2, ""tau"": 0.4896, ""weight_decay"": 0.00013}","{""learning_rate"": [0.00013556, 0.00021087, 0.00030125, 0.00042175, 0.00060249], ""tau"": [0.3917, 0.4896], ""weight_decay"": [6.5e-05, 0.00013, 0.00026]}"
beauty,duorec,K8,shock_large,high,340.6,fast,11,100,7,2026041858,BASELINE2_ADDTUNE3_BEAUTY_DUOREC_K8,/workspace/FeaturedMoE/experiments/run/artifacts/logs/baseline_2/PAIR60_ADDTUNING3/spaces/beauty_duorec_K8.yaml,"{""contrast"": ""us_x"", ""dropout"": 0.17, ""embedding_size"": 160, ""hidden_size"": 160, ""inner_size"": 320, ""lmd"": 0.04, ""lmd_sem"": 0.08, ""max_len"": 16, ""n_heads"": 2, ""n_layers"": 1, ""num_heads"": 2, ""num_layers"": 1, ""semantic_sample_max_tries"": 2, ""tau"": 0.4896, ""weight_decay"": 0.00013}","{""learning_rate"": [0.00013556, 0.00021087, 0.00030125, 0.00042175, 0.00060249], ""tau"": [0.3917, 0.4896], ""weight_decay"": [6.5e-05, 0.00013, 0.00026]}"
beauty,duorec,K9,reg_reset,high,340.6,fast,11,100,7,2026041859,BASELINE2_ADDTUNE3_BEAUTY_DUOREC_K9,/workspace/FeaturedMoE/experiments/run/artifacts/logs/baseline_2/PAIR60_ADDTUNING3/spaces/beauty_duorec_K9.yaml,"{""contrast"": ""un"", ""dropout"": 0.23, ""embedding_size"": 80, ""hidden_size"": 80, ""inner_size"": 160, ""lmd"": 0.0, ""lmd_sem"": 0.02, ""max_len"": 10, ""n_heads"": 2, ""n_layers"": 1, ""num_heads"": 2, ""num_layers"": 1, ""semantic_sample_max_tries"": 2, ""tau"": 0.1728, ""weight_decay"": 0.00054}","{""MAX_ITEM_LIST_LENGTH"": [10, 12], ""learning_rate"": [0.00013556, 0.00021087, 0.00030125, 0.00042175, 0.00060249], ""tau"": [0.1382, 0.1728, 0.216]}"
beauty,sasrec,K1,seq_short,normal,134.0,fast,11,100,7,2026041911,BASELINE2_ADDTUNE3_BEAUTY_SASREC_K1,/workspace/FeaturedMoE/experiments/run/artifacts/logs/baseline_2/PAIR60_ADDTUNING3/spaces/beauty_sasrec_K1.yaml,"{""dropout"": 0.18, ""embedding_size"": 128, ""hidden_size"": 128, ""inner_size"": 256, ""max_len"": 12, ""n_heads"": 2, ""n_layers"": 2, ""num_heads"": 2, ""num_layers"": 2, ""weight_decay"": 0.00036}","{""MAX_ITEM_LIST_LENGTH"": [12, 14], ""learning_rate"": [0.00024648, 0.00038341, 0.00054772, 0.00076681, 0.00109545], ""num_layers"": [1, 2, 3]}"
beauty,sasrec,K2,lr_focus_alt,normal,134.0,fast,11,100,7,2026041912,BASELINE2_ADDTUNE3_BEAUTY_SASREC_K2,/workspace/FeaturedMoE/experiments/run/artifacts/logs/baseline_2/PAIR60_ADDTUNING3/spaces/beauty_sasrec_K2.yaml,"{""dropout"": 0.14, ""embedding_size"": 160, ""hidden_size"": 160, ""inner_size"": 320, ""max_len"": 14, ""n_heads"": 4, ""n_layers"": 3, ""num_heads"": 4, ""num_layers"": 3, ""weight_decay"": 0.00016}","{""learning_rate"": [0.00024648, 0.00038341, 0.00054772, 0.00076681, 0.00109545], ""num_layers"": [2, 3, 4], ""weight_decay"": [8e-05, 0.00016, 0.00032]}"
beauty,sasrec,K3,reg_short,normal,134.0,fast,11,100,7,2026041913,BASELINE2_ADDTUNE3_BEAUTY_SASREC_K3,/workspace/FeaturedMoE/experiments/run/artifacts/logs/baseline_2/PAIR60_ADDTUNING3/spaces/beauty_sasrec_K3.yaml,"{""dropout"": 0.2, ""embedding_size"": 128, ""hidden_size"": 128, ""inner_size"": 256, ""max_len"": 12, ""n_heads"": 2, ""n_layers"": 1, ""num_heads"": 2, ""num_layers"": 1, ""weight_decay"": 0.00044}","{""MAX_ITEM_LIST_LENGTH"": [12, 14], ""learning_rate"": [0.00024648, 0.00038341, 0.00054772, 0.00076681, 0.00109545], ""num_layers"": [1, 2]}"
beauty,sasrec,K4,compact_lowdim,normal,134.0,fast,11,100,7,2026041914,BASELINE2_ADDTUNE3_BEAUTY_SASREC_K4,/workspace/FeaturedMoE/experiments/run/artifacts/logs/baseline_2/PAIR60_ADDTUNING3/spaces/beauty_sasrec_K4.yaml,"{""dropout"": 0.19, ""embedding_size"": 96, ""hidden_size"": 96, ""inner_size"": 192, ""max_len"": 10, ""n_heads"": 2, ""n_layers"": 2, ""num_heads"": 2, ""num_layers"": 2, ""weight_decay"": 0.00052}","{""MAX_ITEM_LIST_LENGTH"": [10, 12], ""learning_rate"": [0.00024648, 0.00038341, 0.00054772, 0.00076681, 0.00109545], ""num_layers"": [1, 2, 3]}"
beauty,sasrec,K5,compact_attack,normal,134.0,fast,11,100,7,2026041915,BASELINE2_ADDTUNE3_BEAUTY_SASREC_K5,/workspace/FeaturedMoE/experiments/run/artifacts/logs/baseline_2/PAIR60_ADDTUNING3/spaces/beauty_sasrec_K5.yaml,"{""dropout"": 0.12, ""embedding_size"": 128, ""hidden_size"": 128, ""inner_size"": 256, ""max_len"": 10, ""n_heads"": 2, ""n_layers"": 2, ""num_heads"": 2, ""num_layers"": 2, ""weight_decay"": 0.00011}","{""MAX_ITEM_LIST_LENGTH"": [10, 12], ""learning_rate"": [0.00024648, 0.00038341, 0.00054772, 0.00076681, 0.00109545], ""num_layers"": [1, 2, 3]}"
beauty,sasrec,K6,large_short,normal,134.0,fast,11,100,7,2026041916,BASELINE2_ADDTUNE3_BEAUTY_SASREC_K6,/workspace/FeaturedMoE/experiments/run/artifacts/logs/baseline_2/PAIR60_ADDTUNING3/spaces/beauty_sasrec_K6.yaml,"{""dropout"": 0.13, ""embedding_size"": 224, ""hidden_size"": 224, ""inner_size"": 448, ""max_len"": 16, ""n_heads"": 8, ""n_layers"": 4, ""num_heads"": 8, ""num_layers"": 4, ""weight_decay"": 0.00015}","{""learning_rate"": [0.00024648, 0.00038341, 0.00054772, 0.00076681, 0.00109545], ""num_layers"": [3, 4], ""weight_decay"": [7.5e-05, 0.00015, 0.0003]}"
beauty,sasrec,K7,shock_small,normal,134.0,fast,11,100,7,2026041917,BASELINE2_ADDTUNE3_BEAUTY_SASREC_K7,/workspace/FeaturedMoE/experiments/run/artifacts/logs/baseline_2/PAIR60_ADDTUNING3/spaces/beauty_sasrec_K7.yaml,"{""dropout"": 0.19, ""embedding_size"": 128, ""hidden_size"": 128, ""inner_size"": 256, ""max_len"": 12, ""n_heads"": 4, ""n_layers"": 2, ""num_heads"": 4, ""num_layers"": 2, ""weight_decay"": 0.00026}","{""learning_rate"": [0.00024648, 0.00038341, 0.00054772, 0.00076681, 0.00109545], ""num_layers"": [1, 2, 3], ""weight_decay"": [0.00013, 0.00026, 0.00052]}"
beauty,sasrec,K8,shock_large,normal,134.0,fast,11,100,7,2026041918,BASELINE2_ADDTUNE3_BEAUTY_SASREC_K8,/workspace/FeaturedMoE/experiments/run/artifacts/logs/baseline_2/PAIR60_ADDTUNING3/spaces/beauty_sasrec_K8.yaml,"{""dropout"": 0.19, ""embedding_size"": 224, ""hidden_size"": 224, ""inner_size"": 448, ""max_len"": 16, ""n_heads"": 4, ""n_layers"": 2, ""num_heads"": 4, ""num_layers"": 2, ""weight_decay"": 0.00026}","{""learning_rate"": [0.00024648, 0.00038341, 0.00054772, 0.00076681, 0.00109545], ""num_layers"": [1, 2, 3], ""weight_decay"": [0.00013, 0.00026, 0.00052]}"
beauty,fdsa,K1,seq_short,normal,181.5,fast,11,100,7,2026041941,BASELINE2_ADDTUNE3_BEAUTY_FDSA_K1,/workspace/FeaturedMoE/experiments/run/artifacts/logs/baseline_2/PAIR60_ADDTUNING3/spaces/beauty_fdsa_K1.yaml,"{""attribute_hidden_size"": 128, ""dropout"": 0.18, ""embedding_size"": 128, ""fusion_type"": ""gate"", ""hidden_size"": 128, ""inner_size"": 256, ""lambda_attr"": 0.17, ""max_len"": 12, ""n_heads"": 2, ""n_layers"": 1, ""num_heads"": 2, ""num_layers"": 1, ""pooling_mode"": ""mean"", ""selected_features"": [""category""], ""use_attribute_predictor"": true, ""weight_decay"": 0.00036}","{""MAX_ITEM_LIST_LENGTH"": [12, 14], ""lambda_attr"": [0.13, 0.17, 0.21], ""learning_rate"": [0.00015972, 0.00024845, 0.00035492, 0.00049689, 0.00070985]}"
beauty,fdsa,K2,lr_focus_alt,normal,181.5,fast,11,100,7,2026041942,BASELINE2_ADDTUNE3_BEAUTY_FDSA_K2,/workspace/FeaturedMoE/experiments/run/artifacts/logs/baseline_2/PAIR60_ADDTUNING3/spaces/beauty_fdsa_K2.yaml,"{""attribute_hidden_size"": 160, ""dropout"": 0.14, ""embedding_size"": 160, ""fusion_type"": ""concat"", ""hidden_size"": 160, ""inner_size"": 320, ""lambda_attr"": 0.21, ""max_len"": 14, ""n_heads"": 4, ""n_layers"": 3, ""num_heads"": 4, ""num_layers"": 3, ""pooling_mode"": ""mean"", ""selected_features"": [""category""], ""use_attribute_predictor"": true, ""weight_decay"": 0.00016}","{""lambda_attr"": [0.17, 0.21, 0.25], ""learning_rate"": [0.00015972, 0.00024845, 0.00035492, 0.00049689, 0.00070985], ""weight_decay"": [8e-05, 0.00016, 0.00032]}"
beauty,fdsa,K3,reg_short,normal,181.5,fast,11,100,7,2026041943,BASELINE2_ADDTUNE3_BEAUTY_FDSA_K3,/workspace/FeaturedMoE/experiments/run/artifacts/logs/baseline_2/PAIR60_ADDTUNING3/spaces/beauty_fdsa_K3.yaml,"{""attribute_hidden_size"": 128, ""dropout"": 0.2, ""embedding_size"": 128, ""fusion_type"": ""gate"", ""hidden_size"": 128, ""inner_size"": 256, ""lambda_attr"": 0.17, ""max_len"": 12, ""n_heads"": 2, ""n_layers"": 1, ""num_heads"": 2, ""num_layers"": 1, ""pooling_mode"": ""mean"", ""selected_features"": [""category""], ""use_attribute_predictor"": true, ""weight_decay"": 0.00044}","{""MAX_ITEM_LIST_LENGTH"": [12, 14], ""lambda_attr"": [0.13, 0.17, 0.21], ""learning_rate"": [0.00015972, 0.00024845, 0.00035492, 0.00049689, 0.00070985]}"
beauty,fdsa,K4,compact_lowdim,normal,181.5,fast,11,100,7,2026041944,BASELINE2_ADDTUNE3_BEAUTY_FDSA_K4,/workspace/FeaturedMoE/experiments/run/artifacts/logs/baseline_2/PAIR60_ADDTUNING3/spaces/beauty_fdsa_K4.yaml,"{""attribute_hidden_size"": 96, ""dropout"": 0.19, ""embedding_size"": 96, ""fusion_type"": ""gate"", ""hidden_size"": 96, ""inner_size"": 192, ""lambda_attr"": 0.17, ""max_len"": 10, ""n_heads"": 2, ""n_layers"": 1, ""num_heads"": 2, ""num_layers"": 1, ""pooling_mode"": ""mean"", ""selected_features"": [""category""], ""use_attribute_predictor"": true, ""weight_decay"": 0.00052}","{""MAX_ITEM_LIST_LENGTH"": [10, 12], ""lambda_attr"": [0.13, 0.17, 0.21], ""learning_rate"": [0.00015972, 0.00024845, 0.00035492, 0.00049689, 0.00070985]}"
beauty,fdsa,K5,compact_attack,normal,181.5,fast,11,100,7,2026041945,BASELINE2_ADDTUNE3_BEAUTY_FDSA_K5,/workspace/FeaturedMoE/experiments/run/artifacts/logs/baseline_2/PAIR60_ADDTUNING3/spaces/beauty_fdsa_K5.yaml,"{""attribute_hidden_size"": 128, ""dropout"": 0.12, ""embedding_size"": 128, ""fusion_type"": ""concat"", ""hidden_size"": 128, ""inner_size"": 256, ""lambda_attr"": 0.21, ""max_len"": 10, ""n_heads"": 2, ""n_layers"": 2, ""num_heads"": 2, ""num_layers"": 2, ""pooling_mode"": ""mean"", ""selected_features"": [""category""], ""use_attribute_predictor"": true, ""weight_decay"": 0.00011}","{""MAX_ITEM_LIST_LENGTH"": [10, 12], ""lambda_attr"": [0.17, 0.21, 0.25], ""learning_rate"": [0.00015972, 0.00024845, 0.00035492, 0.00049689, 0.00070985]}"
beauty,fdsa,K6,large_short,normal,181.5,fast,11,100,7,2026041946,BASELINE2_ADDTUNE3_BEAUTY_FDSA_K6,/workspace/FeaturedMoE/experiments/run/artifacts/logs/baseline_2/PAIR60_ADDTUNING3/spaces/beauty_fdsa_K6.yaml,"{""attribute_hidden_size"": 224, ""dropout"": 0.13, ""embedding_size"": 224, ""fusion_type"": ""concat"", ""hidden_size"": 224, ""inner_size"": 448, ""lambda_attr"": 0.21, ""max_len"": 16, ""n_heads"": 8, ""n_layers"": 4, ""num_heads"": 8, ""num_layers"": 4, ""pooling_mode"": ""mean"", ""selected_features"": [""category""], ""use_attribute_predictor"": true, ""weight_decay"": 0.00015}","{""lambda_attr"": [0.17, 0.21, 0.25], ""learning_rate"": [0.00015972, 0.00024845, 0.00035492, 0.00049689, 0.00070985], ""weight_decay"": [7.5e-05, 0.00015, 0.0003]}"
beauty,fdsa,K7,shock_small,normal,181.5,fast,11,100,7,2026041947,BASELINE2_ADDTUNE3_BEAUTY_FDSA_K7,/workspace/FeaturedMoE/experiments/run/artifacts/logs/baseline_2/PAIR60_ADDTUNING3/spaces/beauty_fdsa_K7.yaml,"{""attribute_hidden_size"": 160, ""dropout"": 0.19, ""embedding_size"": 128, ""fusion_type"": ""gate"", ""hidden_size"": 128, ""inner_size"": 256, ""lambda_attr"": 0.23, ""max_len"": 12, ""n_heads"": 4, ""n_layers"": 2, ""num_heads"": 4, ""num_layers"": 2, ""pooling_mode"": ""mean"", ""selected_features"": [""category""], ""use_attribute_predictor"": true, ""weight_decay"": 0.00026}","{""fusion_type"": [""concat"", ""gate""], ""lambda_attr"": [0.19, 0.23, 0.27], ""learning_rate"": [0.00015972, 0.00024845, 0.00035492, 0.00049689, 0.00070985], ""weight_decay"": [0.00013, 0.00026, 0.00052]}"
beauty,fdsa,K8,shock_large,normal,181.5,fast,11,100,7,2026041948,BASELINE2_ADDTUNE3_BEAUTY_FDSA_K8,/workspace/FeaturedMoE/experiments/run/artifacts/logs/baseline_2/PAIR60_ADDTUNING3/spaces/beauty_fdsa_K8.yaml,"{""attribute_hidden_size"": 224, ""dropout"": 0.19, ""embedding_size"": 224, ""fusion_type"": ""gate"", ""hidden_size"": 224, ""inner_size"": 448, ""lambda_attr"": 0.23, ""max_len"": 16, ""n_heads"": 4, ""n_layers"": 2, ""num_heads"": 4, ""num_layers"": 2, ""pooling_mode"": ""mean"", ""selected_features"": [""category""], ""use_attribute_predictor"": true, ""weight_decay"": 0.00026}","{""fusion_type"": [""concat"", ""gate""], ""lambda_attr"": [0.19, 0.23, 0.27], ""learning_rate"": [0.00015972, 0.00024845, 0.00035492, 0.00049689, 0.00070985], ""weight_decay"": [0.00013, 0.00026, 0.00052]}"
